{
    "data": {
        "active_alarms": [
            {
                "PAP": "PublicPAP",
                "acknowledged": "false",
                "acknowledgementNote": "",
                "alarmId": "N/A",
                "alarmNotificationOrigin": "IECLOSGSAMS01_ALARM",
                "alarmResource": "ams:mobject-manager/prefix=ONT/ne=OLT10/agent=IACM/relative=R1.S1.LT1.PON5.ONT4",
                "alarmResourceUiName": "ONT:OLT10:IACM:R1.S1.LT1.PON5.ONT4",
                "alarmSeverity": "minor",
                "alarmStatus": "Active",
                "alarmText": "",
                "alarmType": "equipmentMalfunction-dyingGasp",
                "alarmTypeId": "Equipment Malfunction:Dying Gasp",
                "deviceRefId": "OLT10",
                "eventType": "communicationsAlarm",
                "lastStatusChangeTime": "2023-02-02T13:21:23",
                "lastStatusChangeTimeShow": "2023-02-02 13:21:23",
                "neIpAddress": "100.126.75.234",
                "objectId": "IECLOSGSAMS01_ALARM:AMS:35023",
                "parent/child": "Parent",
                "parentAlarmId": "N/A",
                "proposedRepairAction": "Restore power to the ONT. The dying gasp indication is due to a loss of power input to the ONT.",
                "raisedTime": "2023-02-02T13:21:23",
                "raisedTimeShow": "2023-02-02 13:21:23",
                "serviceAffecting": "SA_SERVICE_AFFECTING",
                "snowTicketId": "N/A",
                "supperessed": "N/A",
                "tl1Cause": "DG"
            },
            {
                "PAP": "PublicPAP",
                "acknowledged": "false",
                "acknowledgementNote": "",
                "alarmId": "N/A",
                "alarmNotificationOrigin": "IECLOSGSAMS01_ALARM",
                "alarmResource": "ams:mobject-manager/prefix=ONT/ne=OLT10/agent=IACM/relative=R1.S1.LT1.PON5.ONT11",
                "alarmResourceUiName": "ONT:OLT10:IACM:R1.S1.LT1.PON5.ONT11",
                "alarmSeverity": "major",
                "alarmStatus": "Active",
                "alarmText": "",
                "alarmType": "configurationOrCustomizationError-oNTProvisioningFailure",
                "alarmTypeId": "Configuration Or Customization Error:ONT Provisioning Failure",
                "deviceRefId": "OLT10",
                "eventType": "equipmentAlarm",
                "lastStatusChangeTime": "2023-02-06T01:31:51",
                "lastStatusChangeTimeShow": "2023-02-06 01:31:51",
                "neIpAddress": "100.126.75.234",
                "objectId": "IECLOSGSAMS01_ALARM:AMS:35031",
                "parent/child": "Parent",
                "parentAlarmId": "N/A",
                "proposedRepairAction": "Provisioned parameters failed to be provisioned in the ONT. Delete the ONT and provision it again.",
                "raisedTime": "2023-02-06T01:31:51",
                "raisedTimeShow": "2023-02-06 01:31:51",
                "serviceAffecting": "SA_SERVICE_AFFECTING",
                "snowTicketId": "N/A",
                "supperessed": "N/A",
                "tl1Cause": "ONTMEA"
            },
            {
                "PAP": "PublicPAP",
                "acknowledged": "false",
                "acknowledgementNote": "",
                "alarmId": "N/A",
                "alarmNotificationOrigin": "IECLOSGSAMS01_ALARM",
                "alarmResource": "ams:mobject-manager/prefix=ONT/ne=OLT10/agent=IACM/relative=R1.S1.LT1.PON5.ONT1",
                "alarmResourceUiName": "ONT:OLT10:IACM:R1.S1.LT1.PON5.ONT1",
                "alarmSeverity": "minor",
                "alarmStatus": "Active",
                "alarmText": "",
                "alarmType": "equipmentMalfunction-dyingGasp",
                "alarmTypeId": "Equipment Malfunction:Dying Gasp",
                "deviceRefId": "OLT10",
                "eventType": "communicationsAlarm",
                "lastStatusChangeTime": "2023-02-07T20:05:31",
                "lastStatusChangeTimeShow": "2023-02-07 20:05:31",
                "neIpAddress": "100.126.75.234",
                "objectId": "IECLOSGSAMS01_ALARM:AMS:35033",
                "parent/child": "Parent",
                "parentAlarmId": "N/A",
                "proposedRepairAction": "Restore power to the ONT. The dying gasp indication is due to a loss of power input to the ONT.",
                "raisedTime": "2023-02-07T20:05:31",
                "raisedTimeShow": "2023-02-07 20:05:31",
                "serviceAffecting": "SA_SERVICE_AFFECTING",
                "snowTicketId": "N/A",
                "supperessed": "N/A",
                "tl1Cause": "DG"
            },
            {
                "PAP": "PublicPAP",
                "acknowledged": "false",
                "acknowledgementNote": "",
                "alarmId": "N/A",
                "alarmNotificationOrigin": "IECLOSGSAMS01_ALARM",
                "alarmResource": "ams:mobject-manager/prefix=ONT/ne=OLT10/agent=IACM/relative=R1.S1.LT1.PON5.ONT11",
                "alarmResourceUiName": "ONT:OLT10:IACM:R1.S1.LT1.PON5.ONT11",
                "alarmSeverity": "major",
                "alarmStatus": "Active",
                "alarmText": "",
                "alarmType": "communicationsSubsystemFailure-oMCIFailure",
                "alarmTypeId": "Communications Subsystem Failure:OMCI Failure",
                "deviceRefId": "OLT10",
                "eventType": "communicationsAlarm",
                "lastStatusChangeTime": "2023-02-07T20:05:52",
                "lastStatusChangeTimeShow": "2023-02-07 20:05:52",
                "neIpAddress": "100.126.75.234",
                "objectId": "IECLOSGSAMS01_ALARM:AMS:35034",
                "parent/child": "Parent",
                "parentAlarmId": "N/A",
                "proposedRepairAction": "Attempt to restart the ONT.",
                "raisedTime": "2023-02-07T20:05:52",
                "raisedTimeShow": "2023-02-07 20:05:52",
                "serviceAffecting": "SA_SERVICE_AFFECTING",
                "snowTicketId": "N/A",
                "supperessed": "N/A",
                "tl1Cause": "OMCICOMM"
            },
            {
                "PAP": "PublicPAP",
                "acknowledged": "false",
                "acknowledgementNote": "",
                "alarmId": "N/A",
                "alarmNotificationOrigin": "IECLOSGSAMS01_ALARM",
                "alarmResource": "ams:mobject-manager/prefix=ONT/ne=OLT10/agent=IACM/relative=R1.S1.LT1.PON5.ONT6",
                "alarmResourceUiName": "ONT:OLT10:IACM:R1.S1.LT1.PON5.ONT6",
                "alarmSeverity": "minor",
                "alarmStatus": "Active",
                "alarmText": "",
                "alarmType": "equipmentMalfunction-dyingGasp",
                "alarmTypeId": "Equipment Malfunction:Dying Gasp",
                "deviceRefId": "OLT10",
                "eventType": "communicationsAlarm",
                "lastStatusChangeTime": "2023-02-09T16:13:08",
                "lastStatusChangeTimeShow": "2023-02-09 16:13:08",
                "neIpAddress": "100.126.75.234",
                "objectId": "IECLOSGSAMS01_ALARM:AMS:35041",
                "parent/child": "Parent",
                "parentAlarmId": "N/A",
                "proposedRepairAction": "Restore power to the ONT. The dying gasp indication is due to a loss of power input to the ONT.",
                "raisedTime": "2023-02-09T16:13:08",
                "raisedTimeShow": "2023-02-09 16:13:08",
                "serviceAffecting": "SA_SERVICE_AFFECTING",
                "snowTicketId": "N/A",
                "supperessed": "N/A",
                "tl1Cause": "DG"
            },
            {
                "_class": "com.prodapt.pojo.ActiveAlarm",
                "acknowledged": "false",
                "acknowledgementNote": "",
                "alarmNotificationOrigin": "IECLOSGSAMS01_ALARM",
                "alarmResource": "ams:mobject-manager/prefix=Subgroup/ne=OLT10/agent=IHUB/relative=LAG1.SUBGROUP0",
                "alarmResourceUiName": "OLT10",
                "alarmSeverity": "minor",
                "alarmStatus": "Active",
                "alarmText": "",
                "alarmType": "switchoverFailure-subgroupSwitchoverFailed",
                "alarmTypeId": "Switchover Failure:Subgroup Switchover Failed",
                "deviceRefId": "OLT10",
                "eventType": "communicationsAlarm",
                "lastStatusChangeTime": "2023-02-10T04:57:01",
                "lastStatusChangeTimeShow": "2023-10-10 04:57:01",
                "neIpAddress": "100.126.75.234",
                "objectId": "IECLOSGSAMS01_ALARM:AMS:26645",
                "proposedRepairAction": "Testing close incident",
                "raisedTime": "2023-02-10T04:17:18.000Z",
                "raisedTimeShow": "2023-02-10 12:57:01",
                "serviceAffecting": "SA_SERVICE_AFFECTING",
                "tl1Cause": "SUBGRPSWITCHFAIL"
            },
            {
                "PAP": "PublicPAP",
                "acknowledged": "false",
                "acknowledgementNote": "",
                "alarmId": "N/A",
                "alarmNotificationOrigin": "IECLOSGSAMS01_ALARM",
                "alarmResource": "ams:mobject-manager/prefix=Subgroup/ne=OLT10/agent=IHUB/relative=LAG1.SUBGROUP0",
                "alarmResourceUiName": "Subgroup:OLT10:IHUB:LAG1.SUBGROUP0",
                "alarmSeverity": "major",
                "alarmStatus": "Active",
                "alarmText": "",
                "alarmType": "switchoverFailure-subgroupSwitchoverFailed",
                "alarmTypeId": "Switchover Failure:Subgroup Switchover Failed",
                "deviceRefId": "OLT10",
                "eventType": "communicationsAlarm",
                "lastStatusChangeTime": "2022-12-19T12:57:01",
                "lastStatusChangeTimeShow": "2022-12-19 12:57:01",
                "neIpAddress": "100.126.75.234",
                "objectId": "IECLOSGSAMS01_ALARM:AMS:26645",
                "parent/child": "Parent",
                "parentAlarmId": "N/A",
                "proposedRepairAction": "1. Check the number of physical links that are up in the LAG subgroup to which switchover failed. 2. It should be made greater than the configured threshold value for the subgroup. 3. After it is done, the switchover occurs and the alarm is cleared.",
                "raisedTime": "2022-12-19T12:57:01",
                "raisedTimeShow": "2022-12-19 12:57:01",
                "serviceAffecting": "SA_SERVICE_AFFECTING",
                "snowTicketId": "N/A",
                "supperessed": "N/A",
                "tl1Cause": "SUBGRPSWITCHFAIL"
            },
            {
                "PAP": "PublicPAP",
                "acknowledged": "false",
                "acknowledgementNote": "",
                "alarmId": "N/A",
                "alarmNotificationOrigin": "nokiasolution-altiplano-ac_ALARM",
                "alarmResource": "/site:site=nokia-altiplano-site-1",
                "alarmResourceUiName": "site:nokia-altiplano-site-1",
                "alarmSeverity": "major",
                "alarmStatus": "Active",
                "alarmText": "CBUR backup operation failed..The preBackupCmd in pod nokiainfra-altiplano-elasticsearch-data-0 container es-data returned error code: 58",
                "alarmType": "backup-failure",
                "alarmTypeId": "site:backup-failure",
                "lastStatusChangeTime": "2023-01-03T01:00:04",
                "lastStatusChangeTimeShow": "2023-01-03 01:00:04",
                "objectId": "nokiasolution-altiplano-ac_ALARM:/site:site=nokia-altiplano-site-1:site:backup-failure",
                "parent/child": "Parent",
                "parentAlarmId": "N/A",
                "proposedRepairAction": "",
                "raisedTime": "2023-01-03T01:00:04",
                "raisedTimeShow": "2023-01-03 01:00:04",
                "snowTicketId": "N/A",
                "supperessed": "N/A"
            },
            {
                "PAP": "PublicPAP",
                "acknowledged": "false",
                "acknowledgementNote": "",
                "alarmId": "N/A",
                "alarmNotificationOrigin": "IECLOSGSAMS01_ALARM",
                "alarmResource": "ams:mobject-manager/prefix=MGMT Security Access/ne=OLT10/agent=IACM/relative=IP100.126.75.254.T0.S100",
                "alarmResourceUiName": "MGMT Security Access:OLT10:IACM:IP100.126.75.254.T0.S100",
                "alarmSeverity": "major",
                "alarmStatus": "Active",
                "alarmText": "TimeStamp : 30/01/23 14:57:36 , Username : isadmin , Type: CLI ",
                "alarmType": "thresholdCrossed-invalidAccessAttemptThresholdCrossed",
                "alarmTypeId": "Threshold Crossed:Invalid Management Access Attempt",
                "deviceRefId": "OLT10",
                "eventType": "communicationsAlarm",
                "lastStatusChangeTime": "2023-01-30T14:57:36",
                "lastStatusChangeTimeShow": "2023-01-30 14:57:36",
                "neIpAddress": "100.126.75.234",
                "objectId": "IECLOSGSAMS01_ALARM:AMS:35015",
                "parent/child": "Parent",
                "parentAlarmId": "N/A",
                "proposedRepairAction": "Generated due to too many invalid attempts to login via Management Access. Check for security measures.",
                "raisedTime": "2023-01-30T14:57:36",
                "raisedTimeShow": "2023-01-30 14:57:36",
                "serviceAffecting": "SA_NON_SERVICE_AFFECTING",
                "snowTicketId": "N/A",
                "supperessed": "N/A",
                "tl1Cause": "SECUMGTACCESSTCA"
            },
            {
                "PAP": "PublicPAP",
                "acknowledged": "false",
                "acknowledgementNote": "",
                "alarmId": "2935dae478de4c7f912e691815a17b66",
                "alarmNotificationOrigin": "IECLOSGSAMS01_ALARM",
                "alarmResource": "ams:mobject-manager/prefix=ONT/ne=OLT10/agent=IACM/relative=R1.S1.LT1.PON5.ONT2",
                "alarmResourceUiName": "ONT:OLT10:IACM:R1.S1.LT1.PON5.ONT2",
                "alarmSeverity": "minor",
                "alarmStatus": "Active",
                "alarmText": "",
                "alarmType": "equipmentMalfunction-dyingGasp",
                "alarmTypeId": "Equipment Malfunction:Dying Gasp",
                "deviceRefId": "OLT10",
                "eventType": "communicationsAlarm",
                "lastStatusChangeTime": "2023-02-02T10:17:18",
                "lastStatusChangeTimeShow": "2023-02-02 10:17:18",
                "neIpAddress": "100.126.75.234",
                "objectId": "IECLOSGSAMS01_ALARM:AMS:35020",
                "parent/child": "Child",
                "parentAlarmId": "540a10e6dbcd487283d58aafc0d375b0",
                "proposedRepairAction": "Restore power to the ONT. The dying gasp indication is due to a loss of power input to the ONT.",
                "raisedTime": "2023-02-02T10:17:18",
                "raisedTimeShow": "2023-02-02 10:17:18",
                "serviceAffecting": "SA_SERVICE_AFFECTING",
                "snowTicketId": "N/A",
                "supperessed": "Yes",
                "tl1Cause": "DG"
            },
            {
                "PAP": "PublicPAP",
                "acknowledged": "false",
                "acknowledgementNote": "",
                "alarmId": "N/A",
                "alarmNotificationOrigin": "IECLOSGSAMS01_ALARM",
                "alarmResource": "ams:mobject-manager/prefix=ONT/ne=OLT10/agent=IACM/relative=R1.S1.LT1.PON5.ONT7",
                "alarmResourceUiName": "ONT:OLT10:IACM:R1.S1.LT1.PON5.ONT7",
                "alarmSeverity": "major",
                "alarmStatus": "Active",
                "alarmText": "",
                "alarmType": "equipmentMalfunction-deviceNotActive",
                "alarmTypeId": "Equipment Malfunction:Device Not Active",
                "deviceRefId": "OLT10",
                "eventType": "communicationsAlarm",
                "lastStatusChangeTime": "2023-02-13T14:17:08",
                "lastStatusChangeTimeShow": "2023-02-13 14:17:08",
                "neIpAddress": "100.126.75.234",
                "objectId": "IECLOSGSAMS01_ALARM:AMS:35099",
                "parent/child": "Parent",
                "parentAlarmId": "N/A",
                "proposedRepairAction": "The ONT needs to be ranged (made active).",
                "raisedTime": "2023-02-13T14:17:08",
                "raisedTimeShow": "2023-02-13 14:17:08",
                "serviceAffecting": "SA_SERVICE_AFFECTING",
                "snowTicketId": "N/A",
                "supperessed": "N/A",
                "tl1Cause": "INACT"
            },
            {
                "PAP": "PublicPAP",
                "acknowledged": "false",
                "acknowledgementNote": "",
                "alarmId": "0e77d0641c6b4eddb0cdcd3670e1f621",
                "alarmNotificationOrigin": "IECLOSGSAMS01_ALARM",
                "alarmResource": "ams:mobject-manager/prefix=ONT/ne=OLT10/agent=IACM/relative=R1.S1.LT1.PON5.ONT10",
                "alarmResourceUiName": "ONT:OLT10:IACM:R1.S1.LT1.PON5.ONT10",
                "alarmSeverity": "minor",
                "alarmStatus": "Active",
                "alarmText": "",
                "alarmType": "equipmentMalfunction-dyingGasp",
                "alarmTypeId": "Equipment Malfunction:Dying Gasp",
                "deviceRefId": "OLT10",
                "eventType": "communicationsAlarm",
                "lastStatusChangeTime": "2023-02-15T09:48:18",
                "lastStatusChangeTimeShow": "2023-02-15 09:48:18",
                "neIpAddress": "100.126.75.234",
                "objectId": "IECLOSGSAMS01_ALARM:AMS:35100",
                "parent/child": "Parent",
                "parentAlarmId": "N/A",
                "proposedRepairAction": "Restore power to the ONT. The dying gasp indication is due to a loss of power input to the ONT.",
                "raisedTime": "2023-02-15T09:48:18",
                "raisedTimeShow": "2023-02-15 09:48:18",
                "serviceAffecting": "SA_SERVICE_AFFECTING",
                "snowTicketId": "N/A",
                "supperessed": "No",
                "tl1Cause": "DG"
            },
            {
                "PAP": "PublicPAP",
                "acknowledged": "false",
                "acknowledgementNote": "",
                "alarmId": "da93e58b670a4050b32bf12accc840fe",
                "alarmNotificationOrigin": "IECLOSGSAMS01_ALARM",
                "alarmResource": "ams:mobject-manager/prefix=ONT New/ne=OLT10/agent=IACM/relative=R1.S1.LT1.PON5.NEWONT8",
                "alarmResourceUiName": "ONT New:OLT10:IACM:R1.S1.LT1.PON5.NEWONT8",
                "alarmSeverity": "minor",
                "alarmStatus": "Active",
                "alarmText": "SERNUM = ALCLF973C4FC, SLID = , LOID = , DISIND = , EQID = , USRATE = 10 Gb/s",
                "alarmType": "configurationOrCustomizationError-newONTDiscovered",
                "alarmTypeId": "Configuration Or Customization Error:New ONT Discovered",
                "deviceRefId": "OLT10",
                "eventType": "equipmentAlarm",
                "lastStatusChangeTime": "2023-02-15T10:24:39",
                "lastStatusChangeTimeShow": "2023-02-15 10:24:39",
                "neIpAddress": "100.126.75.234",
                "objectId": "IECLOSGSAMS01_ALARM:AMS:35106",
                "parent/child": "Parent",
                "parentAlarmId": "N/A",
                "proposedRepairAction": "No repair is necessary. This alarm serves as an indication that further provisioning is required.",
                "raisedTime": "2023-02-15T10:24:39",
                "raisedTimeShow": "2023-02-15 10:24:39",
                "serviceAffecting": "SA_NON_SERVICE_AFFECTING",
                "snowTicketId": "N/A",
                "supperessed": "No",
                "tl1Cause": "NEWONT"
            }
        ],
        "cleared_alarms": [
            {
                "PAP": "PublicPAP",
                "acknowledged": "false",
                "acknowledgementNote": "",
                "alarmId": "78839d34b0504771886c04e463a0515e",
                "alarmNotificationOrigin": "IECLOSGSAMS01_ALARM",
                "alarmResource": "ams:mobject-manager/prefix=PON Port/ne=OLT10/agent=IACM/relative=R1.S1.LT2.PON5",
                "alarmResourceUiName": "PON Port:OLT10:IACM:R1.S1.LT2.PON5",
                "alarmSeverity": "critical",
                "alarmStatus": "Clear",
                "alarmText": "",
                "alarmType": "localNodeTransmissionError",
                "alarmTypeId": "Local Node Transmission Error",
                "deviceRefId": "OLT10",
                "eventType": "equipmentAlarm",
                "lastStatusChangeTime": "2023-02-15T11:04:49",
                "lastStatusChangeTimeShow": "2023-02-15 11:04:49",
                "neIpAddress": "100.126.75.234",
                "objectId": "IECLOSGSAMS01_ALARM:AMS:35108",
                "parent/child": "Parent",
                "parentAlarmId": "N/A",
                "proposedRepairAction": "Laser of OLT optical module could be damaged. Consider replacing the module.",
                "raisedTime": "2023-02-15T11:04:49",
                "raisedTimeShow": "2023-02-15 11:04:49",
                "serviceAffecting": "SA_SERVICE_AFFECTING",
                "snowTicketId": "N/A",
                "supperessed": "Yes",
                "tl1Cause": "TXFAIL"
            },
            {
                "PAP": "PublicPAP",
                "acknowledged": "false",
                "acknowledgementNote": "",
                "alarmId": "49ac5b9131d142ca89ab9c239e054d74",
                "alarmNotificationOrigin": "IECLOSGSAMS01_ALARM",
                "alarmResource": "ams:mobject-manager/prefix=SFP Inventory/ne=OLT10/agent=IACM/relative=R1.S1.LT2.SFP5",
                "alarmResourceUiName": "SFP Inventory:OLT10:IACM:R1.S1.LT2.SFP5",
                "alarmSeverity": "critical",
                "alarmStatus": "Clear",
                "alarmText": "",
                "alarmType": "sFPProblem-hostSFPMissing",
                "alarmTypeId": "SFP Problem:Host SFP Missing",
                "deviceRefId": "OLT10",
                "eventType": "communicationsAlarm",
                "lastStatusChangeTime": "2023-02-15T11:04:48",
                "lastStatusChangeTimeShow": "2023-02-15 11:04:48",
                "neIpAddress": "100.126.75.234",
                "objectId": "IECLOSGSAMS01_ALARM:AMS:35109",
                "parent/child": "Parent",
                "parentAlarmId": "N/A",
                "proposedRepairAction": "Check the host-side SFP presence.",
                "raisedTime": "2023-02-15T11:04:48",
                "raisedTimeShow": "2023-02-15 11:04:48",
                "serviceAffecting": "SA_SERVICE_AFFECTING",
                "snowTicketId": "N/A",
                "supperessed": "Yes",
                "tl1Cause": "HSFPNP"
            }
        ],
        "severity": {
            "active": {
                "critical": 0,
                "major": 6,
                "minor": 7
            },
            "cleared": {
                "critical": 2,
                "major": 0,
                "minor": 0
            }
        }
    }
}