 {
    "Retail-Onnet": {
        "Service  AADEE_CREATE_01": {
            "ICFS 76774890": {
                "PONCFS 76774890": {
                    "OLT 76774890": {}
                }
            }
        },
        "Service  RETINT10112235": {
            "ICFS RET101132": {}
        },
        "Service  RETINT1065": {
            "ICFS RET101162": {}
        },
        "Service  RETINT27062200": {
            "ICFS 96899803": {}
        },
        "Service  RETINT27062201": {
            "ICFS 96899803": {}
        },
        "Service  RETINT27062202": {
            "ICFS 96767803": {}
        },
        "Service 170403001": {
            "ICFS 84331704": {}
        },
        "Service 170404061": {
            "ICFS 76771234": {
                "LDAP 76771234": {},
                "PONCFS 76771234": {
                    "OLT 76771234": {}
                }
            }
        },
        "Service 170404063": {
            "ICFS 76771235": {
                "CPECFS 76771235": {
                    "RG 76771235": {
                        "CPEManagement 76771235": {}
                    }
                },
                "LDAP 76771235": {},
                "PONCFS 76771235": {
                    "OLT 76771235": {}
                }
            }
        },
        "Service 170404069": {
            "ICFS 84331240": {}
        },
        "Service 1704041": {
            "ICFS 84331296": {}
        },
        "Service 1704042": {
            "ICFS 84331297": {}
        },
        "Service 1704043": {
            "ICFS 84331298": {}
        },
        "Service 1704044": {
            "ICFS 84331299": {}
        },
        "Service 1704045": {
            "ICFS 953553": {}
        },
        "Service 1704047": {
            "ICFS 45672021": {
                "CPECFS 45672021": {
                    "RG 45672021": {}
                },
                "LDAP 45672021": {},
                "PONCFS 45672021": {
                    "OLT 45672021": {}
                }
            }
        },
        "Service 5025252": {
            "ICFS 76774889": {
                "PONCFS 76774889": {
                    "OLT 76774889": {}
                }
            }
        },
        "Service 515151": {
            "ICFS 76774889": {
                "PONCFS 76774889": {
                    "OLT 76774889": {}
                }
            }
        },
        "Service 986485420": {
            "ICFS 7622174881": {}
        },
        "Service 986785420": {
            "ICFS 7622174889": {}
        },
        "Service 987654321": {
            "ICFS 76774889": {}
        },
        "Service 987654322": {
            "ICFS 76774889": {}
        },
        "Service 987654323": {
            "ICFS 76774889": {}
        },
        "Service 987654343": {
            "ICFS 76774890": {}
        },
        "Service AKASH3503-INET-CREATE-1": {
            "ICFS 951234": {}
        },
        "Service CLYAP22-01": {
            "ICFS 564740": {}
        },
        "Service CLYAP22-02": {
            "ICFS 564741": {}
        },
        "Service CLYINET29052022-X5": {
            "ICFS 290520228X5": {
                "CPECFS 290520228X5": {
                    "RG 290520228X5": {
                        "CPEManagement 290520228X5": {}
                    }
                },
                "LDAP 290520228X5": {},
                "PONCFS 290520228X5": {
                    "OLT 290520228X5": {}
                }
            }
        },
        "Service CLYSP1-INET-SERVICE-2601": {
            "ICFS 76775007": {}
        },
        "Service CLYSP1-INET-SERVICE-2602": {
            "ICFS 83740961": {}
        },
        "Service CLYSP2-INET-CREATE-01": {
            "ICFS 76775007": {}
        },
        "Service CLYSP2-INET-CREATE-02": {
            "ICFS 76775007": {}
        },
        "Service CLYSP2-M-INET-CREATE-07": {
            "ICFS 76775007": {}
        },
        "Service CLYSP2-MATVEY-INET-CREATE-07": {
            "ICFS 76775007": {}
        },
        "Service CLYSP2-Pro-INETCRT-07": {
            "ICFS 90345632": {}
        },
        "Service CLYSP2-TEST-INET-CREATE-07": {
            "ICFS 25677889": {}
        },
        "Service CLYSP2-TEST1-INET-CREATE-07": {
            "ICFS 25677882": {}
        },
        "Service CLYSP2-TEST2-07": {
            "ICFS 25677883": {}
        },
        "Service CLYSP27": {
            "ICFS 76775007": {}
        },
        "Service CLYSP38new5": {
            "ICFS 76785007": {}
        },
        "Service CLYSP5-INET-06": {
            "ICFS 76785003": {
                "LDAP 76785003": {},
                "PONCFS 76785003": {
                    "OLT 76785003": {}
                }
            }
        },
        "Service CLYSP63V6": {
            "ICFS 867750076": {}
        },
        "Service CP11SP5-I0209-01": {
            "ICFS 02092201": {}
        },
        "Service CP11SP5-I1609-01": {
            "ICFS 16092201": {
                "CPECFS 16092201": {
                    "RG 16092201": {
                        "CPEManagement 16092201": {}
                    }
                },
                "LDAP 16092201": {},
                "PONCFS 16092201": {
                    "OLT 16092201": {
                        "L2 CP11SP5-I1609-01": {},
                        "ONT ALUL16092201": {}
                    }
                }
            }
        },
        "Service CP12SP5-I2811-70": {
            "ICFS 28112270": {}
        },
        "Service DEL_SERV_001": {
            "ICFS 76774855": {}
        },
        "Service DMM1747149": {
            "ICFS 6668501112": {}
        },
        "Service DMM1747150": {
            "ICFS 6668501113": {
                "CPECFS 6668501113": {
                    "RG 6668501113": {
                        "CPEManagement 6668501113": {}
                    }
                },
                "LDAP 6668501113": {},
                "PONCFS 6668501113": {
                    "OLT 6668501113": {
                        "L2 DMM1747150": {},
                        "ONT ALCL06062203": {}
                    }
                }
            }
        },
        "Service HansikaRetail_Test_Create_136": {
            "ICFS 223613622": {}
        },
        "Service INET-08072022-X1": {
            "ICFS X108072022": {
                "LDAP X108072022": {},
                "PONCFS X108072022": {
                    "OLT X108072022": {
                        "L2 INET-08072022-X1": {},
                        "ONT ALCL06062203": {}
                    }
                }
            }
        },
        "Service INET-09062022-X1": {
            "ICFS X17850134": {
                "CPECFS X17850134": {
                    "RG X17850134": {
                        "CPEManagement X17850134": {}
                    }
                },
                "LDAP X17850134": {},
                "PONCFS X17850134": {
                    "OLT X17850134": {}
                }
            }
        },
        "Service INT21092200": {
            "ICFS 21092200": {
                "CPECFS 21092200": {
                    "RG 21092200": {
                        "CPEManagement 21092200": {}
                    }
                },
                "LDAP 21092200": {},
                "PONCFS 21092200": {
                    "OLT 21092200": {
                        "L2 INT21092200": {},
                        "ONT ALCL06062203": {}
                    }
                }
            }
        },
        "Service INT91195369": {
            "ICFS 82733710": {
                "LDAP 82733710": {},
                "PONCFS 82733710": {
                    "OLT 82733710": {}
                }
            }
        },
        "Service INT91195370": {
            "ICFS 82733736": {
                "LDAP 82733736": {},
                "PONCFS 82733736": {
                    "OLT 82733736": {}
                }
            }
        },
        "Service INT91195372": {
            "ICFS 82733752": {}
        },
        "Service INT91195431": {
            "ICFS 82734635": {
                "CPECFS 82734635": {
                    "RG 82734635": {
                        "CPEManagement 82734635": {}
                    }
                },
                "LDAP 82734635": {},
                "PONCFS 82734635": {
                    "OLT 82734635": {}
                }
            }
        },
        "Service INT91195437": {
            "ICFS 82734716": {
                "CPECFS 82734716": {
                    "RG 82734716": {
                        "CPEManagement 82734716": {}
                    }
                },
                "LDAP 82734716": {},
                "PONCFS 82734716": {
                    "OLT 82734716": {}
                }
            }
        },
        "Service INT91195451": {
            "ICFS 82734871": {
                "CPECFS 82734871": {
                    "RG 82734871": {
                        "CPEManagement 82734871": {}
                    }
                },
                "LDAP 82734871": {},
                "PONCFS 82734871": {
                    "OLT 82734871": {}
                }
            }
        },
        "Service INT91195457": {
            "ICFS 82734986": {
                "CPECFS 82734986": {
                    "RG 82734986": {
                        "CPEManagement 82734986": {}
                    }
                },
                "LDAP 82734986": {},
                "PONCFS 82734986": {
                    "OLT 82734986": {}
                }
            }
        },
        "Service INT91195470": {
            "ICFS 82735275": {
                "CPECFS 82735275": {
                    "RG 82735275": {
                        "CPEManagement 82735275": {}
                    }
                },
                "LDAP 82735275": {},
                "PONCFS 82735275": {
                    "OLT 82735275": {}
                }
            }
        },
        "Service INT91195511": {
            "ICFS 82735762": {
                "CPECFS 82735762": {
                    "RG 82735762": {}
                },
                "LDAP 82735762": {},
                "PONCFS 82735762": {
                    "OLT 82735762": {}
                }
            }
        },
        "Service INT91195529": {
            "ICFS 82735966": {
                "CPECFS 82735966": {
                    "RG 82735966": {
                        "CPEManagement 82735966": {}
                    }
                },
                "LDAP 82735966": {},
                "PONCFS 82735966": {
                    "OLT 82735966": {}
                }
            }
        },
        "Service INT91195532": {
            "ICFS 82735990": {
                "CPECFS 82735990": {
                    "RG 82735990": {
                        "CPEManagement 82735990": {}
                    }
                },
                "LDAP 82735990": {},
                "PONCFS 82735990": {
                    "OLT 82735990": {}
                }
            }
        },
        "Service INT91195548": {
            "ICFS 82736140": {
                "CPECFS 82736140": {
                    "RG 82736140": {
                        "CPEManagement 82736140": {}
                    }
                },
                "LDAP 82736140": {},
                "PONCFS 82736140": {
                    "OLT 82736140": {}
                }
            }
        },
        "Service INT91195555": {
            "ICFS 82736247": {}
        },
        "Service INT91195556": {
            "ICFS 82736255": {}
        },
        "Service INT91195557": {
            "ICFS 82736271": {}
        },
        "Service INT91195558": {
            "ICFS 82736289": {}
        },
        "Service INT91195559": {
            "ICFS 82736297": {}
        },
        "Service INT91195560": {
            "ICFS 82736302": {}
        },
        "Service INT91195561": {
            "ICFS 82736310": {}
        },
        "Service INT91195562": {
            "ICFS 82736328": {}
        },
        "Service INT91195565": {
            "ICFS 82736336": {}
        },
        "Service INT91195568": {
            "ICFS 82736409": {}
        },
        "Service INT91195570": {
            "ICFS 82736441": {}
        },
        "Service INT91195572": {
            "ICFS 82736467": {}
        },
        "Service INT91195591": {
            "ICFS 82736768": {}
        },
        "Service INT91195592": {
            "ICFS 82736776": {
                "CPECFS 82736776": {
                    "RG 82736776": {
                        "CPEManagement 82736776": {}
                    }
                },
                "LDAP 82736776": {},
                "PONCFS 82736776": {
                    "OLT 82736776": {}
                }
            }
        },
        "Service INT91195593": {
            "ICFS 82736784": {
                "CPECFS 82736784": {
                    "RG 82736784": {
                        "CPEManagement 82736784": {}
                    }
                },
                "LDAP 82736784": {},
                "PONCFS 82736784": {
                    "OLT 82736784": {}
                }
            }
        },
        "Service INT91195612": {
            "ICFS 82736996": {
                "CPECFS 82736996": {
                    "RG 82736996": {
                        "CPEManagement 82736996": {}
                    }
                },
                "LDAP 82736996": {},
                "PONCFS 82736996": {
                    "OLT 82736996": {}
                }
            }
        },
        "Service INT91195616": {
            "ICFS 82737031": {}
        },
        "Service INT91195622": {
            "ICFS 82737099": {}
        },
        "Service INT91195623": {
            "ICFS 82737104": {}
        },
        "Service INT91195624": {
            "ICFS 82737112": {}
        },
        "Service INT91195625": {
            "ICFS 82737120": {}
        },
        "Service INT91195626": {
            "ICFS 82737138": {}
        },
        "Service INT91195628": {
            "ICFS 82737154": {
                "CPECFS 82737154": {
                    "RG 82737154": {
                        "CPEManagement 82737154": {}
                    }
                },
                "LDAP 82737154": {},
                "PONCFS 82737154": {
                    "OLT 82737154": {}
                }
            }
        },
        "Service INT91195629": {
            "ICFS 82737162": {}
        },
        "Service INT91195638": {
            "ICFS 82737251": {
                "CPECFS 82737251": {
                    "RG 82737251": {
                        "CPEManagement 82737251": {}
                    }
                },
                "LDAP 82737251": {},
                "PONCFS 82737251": {
                    "OLT 82737251": {}
                }
            }
        },
        "Service INT91195643": {
            "ICFS 82737324": {
                "CPECFS 82737324": {
                    "RG 82737324": {
                        "CPEManagement 82737324": {}
                    }
                },
                "LDAP 82737324": {},
                "PONCFS 82737324": {
                    "OLT 82737324": {}
                }
            }
        },
        "Service INT91195645": {
            "ICFS 82737358": {
                "CPECFS 82737358": {
                    "RG 82737358": {
                        "CPEManagement 82737358": {}
                    }
                },
                "LDAP 82737358": {},
                "PONCFS 82737358": {
                    "OLT 82737358": {}
                }
            }
        },
        "Service INT91195653": {
            "ICFS 82737439": {}
        },
        "Service INT91195656": {
            "ICFS 82737463": {}
        },
        "Service INT91195657": {
            "ICFS 82737471": {}
        },
        "Service INT91195658": {
            "ICFS 82737489": {
                "CPECFS 82737489": {
                    "RG 82737489": {
                        "CPEManagement 82737489": {}
                    }
                },
                "LDAP 82737489": {},
                "PONCFS 82737489": {
                    "OLT 82737489": {}
                }
            }
        },
        "Service INT91195664": {
            "ICFS 82737560": {}
        },
        "Service INT91195678": {
            "ICFS 82737756": {}
        },
        "Service INT91195679": {
            "ICFS 82737764": {
                "LDAP 82737764": {},
                "PONCFS 82737764": {
                    "OLT 82737764": {
                        "L2 INT91195679": {},
                        "ONT TONY00008800": {}
                    }
                }
            }
        },
        "Service INT91195682": {
            "ICFS 82737829": {
                "LDAP 82737829": {},
                "PONCFS 82737829": {
                    "OLT 82737829": {
                        "L2 INT91195682": {},
                        "ONT TONY00007700": {}
                    }
                }
            }
        },
        "Service INT91195685": {
            "ICFS 82737853": {}
        },
        "Service INT91195688": {
            "ICFS 82737895": {
                "LDAP 82737895": {},
                "PONCFS 82737895": {
                    "OLT 82737895": {
                        "L2 INT91195688": {},
                        "ONT TONY00000440": {}
                    }
                }
            }
        },
        "Service INT91195689": {
            "ICFS 82737900": {
                "LDAP 82737900": {},
                "PONCFS 82737900": {
                    "OLT 82737900": {
                        "L2 INT91195689": {},
                        "ONT TONY00088000": {}
                    }
                }
            }
        },
        "Service INT91195693": {
            "ICFS 82737942": {
                "CPECFS 82737942": {
                    "RG 82737942": {
                        "CPEManagement 82737942": {}
                    }
                },
                "LDAP 82737942": {},
                "PONCFS 82737942": {
                    "OLT 82737942": {
                        "L2 INT91195693": {},
                        "ONT TONY00550000": {}
                    }
                }
            }
        },
        "Service INT91195695": {
            "ICFS 82738011": {}
        },
        "Service INT91195698": {
            "ICFS 82738061": {
                "CPECFS 82738061": {
                    "RG 82738061": {
                        "CPEManagement 82738061": {}
                    }
                },
                "LDAP 82738061": {},
                "PONCFS 82738061": {
                    "OLT 82738061": {
                        "L2 INT91195698": {},
                        "ONT TONY02200000": {}
                    }
                }
            }
        },
        "Service INT91195705": {
            "ICFS 82738176": {}
        },
        "Service INT91195831": {
            "ICFS 82739978": {
                "CPECFS 82739978": {
                    "RG 82739978": {
                        "CPEManagement 82739978": {}
                    }
                },
                "LDAP 82739978": {},
                "PONCFS 82739978": {
                    "OLT 82739978": {
                        "L2 INT91195831": {},
                        "ONT ALCL21362218": {}
                    }
                }
            }
        },
        "Service INT91195853": {
            "ICFS 82740199": {
                "CPECFS 82740199": {
                    "RG 82740199": {}
                },
                "LDAP 82740199": {},
                "PONCFS 82740199": {
                    "OLT 82740199": {}
                }
            }
        },
        "Service INT91195855": {
            "ICFS 82740204": {}
        },
        "Service INT91195856": {
            "ICFS 82740220": {}
        },
        "Service INT91195864": {
            "ICFS 82740270": {
                "CPECFS 82740270": {
                    "RG 82740270": {
                        "CPEManagement 82740270": {}
                    }
                },
                "LDAP 82740270": {},
                "PONCFS 82740270": {
                    "OLT 82740270": {
                        "L2 INT91195864": {},
                        "ONT ALCL23342618": {}
                    }
                }
            }
        },
        "Service INT91195865": {
            "ICFS 82740301": {}
        },
        "Service INT91195890": {
            "ICFS 82740563": {}
        },
        "Service INT91195892": {
            "ICFS 82740589": {}
        },
        "Service INT91195893": {
            "ICFS 82740597": {}
        },
        "Service INT91195895": {
            "ICFS 82740602": {
                "CPECFS 82740602": {
                    "RG 82740602": {
                        "CPEManagement 82740602": {}
                    }
                },
                "LDAP 82740602": {},
                "PONCFS 82740602": {
                    "OLT 82740602": {
                        "L2 INT91195895": {},
                        "ONT BBBB27742832": {}
                    }
                }
            }
        },
        "Service INT91195926": {
            "ICFS 82740937": {}
        },
        "Service INT91195929": {
            "ICFS 82740961": {
                "CPECFS 82740961": {
                    "RG 82740961": {
                        "CPEManagement 82740961": {}
                    }
                },
                "LDAP 82740961": {},
                "PONCFS 82740961": {
                    "OLT 82740961": {
                        "L2 INT91195929": {},
                        "ONT AAAA28642914": {}
                    }
                }
            }
        },
        "Service INT91195964": {
            "ICFS 82741323": {
                "CPECFS 82741323": {
                    "RG 82741323": {
                        "CPEManagement 82741323": {}
                    }
                },
                "LDAP 82741323": {},
                "PONCFS 82741323": {
                    "OLT 82741323": {
                        "L2 INT91195964": {},
                        "ONT ALCL82145716": {}
                    }
                }
            }
        },
        "Service INT91195966": {
            "ICFS 82741349": {}
        },
        "Service INT91195978": {
            "ICFS 82741470": {
                "CPECFS 82741470": {
                    "RG 82741470": {
                        "CPEManagement 82741470": {}
                    }
                },
                "LDAP 82741470": {},
                "PONCFS 82741470": {
                    "OLT 82741470": {
                        "L2 INT91195978": {},
                        "ONT BBBB82741732": {}
                    }
                }
            }
        },
        "Service INT91195982": {
            "ICFS 82741519": {}
        },
        "Service INT91195990": {
            "ICFS 82741593": {}
        },
        "Service INT91195994": {
            "ICFS 82741640": {
                "CPECFS 82741640": {
                    "RG 82741640": {
                        "CPEManagement 82741640": {}
                    }
                },
                "LDAP 82741640": {},
                "PONCFS 82741640": {
                    "OLT 82741640": {
                        "L2 INT91195994": {},
                        "ONT AAAA81641614": {}
                    }
                }
            }
        },
        "Service INT91195999": {
            "ICFS 82741682": {
                "CPECFS 82741682": {
                    "RG 82741682": {
                        "CPEManagement 82741682": {}
                    }
                },
                "LDAP 82741682": {},
                "PONCFS 82741682": {
                    "OLT 82741682": {
                        "L2 INT91195999": {},
                        "ONT BBBB83741832": {}
                    }
                }
            }
        },
        "Service INT91196005": {
            "ICFS 82741747": {
                "CPECFS 82741747": {
                    "RG 82741747": {
                        "CPEManagement 82741747": {}
                    }
                },
                "LDAP 82741747": {},
                "PONCFS 82741747": {
                    "OLT 82741747": {
                        "L2 INT91196005": {},
                        "ONT ALCL83841833": {}
                    }
                }
            }
        },
        "Service INT91196050": {
            "ICFS 82742222": {
                "CPECFS 82742222": {
                    "RG 82742222": {
                        "CPEManagement 82742222": {}
                    }
                },
                "LDAP 82742222": {},
                "PONCFS 82742222": {
                    "OLT 82742222": {
                        "L2 INT91196050": {},
                        "ONT ALCL89742332": {}
                    }
                }
            }
        },
        "Service INT91196054": {
            "ICFS 82742264": {
                "CPECFS 82742264": {
                    "RG 82742264": {
                        "CPEManagement 82742264": {}
                    }
                },
                "LDAP 82742264": {},
                "PONCFS 82742264": {
                    "OLT 82742264": {
                        "L2 INT91196054": {},
                        "ONT AAAA90146416": {}
                    }
                }
            }
        },
        "Service INT91196065": {
            "ICFS 82742387": {
                "CPECFS 82742387": {
                    "RG 82742387": {
                        "CPEManagement 82742387": {}
                    }
                },
                "LDAP 82742387": {},
                "PONCFS 82742387": {
                    "OLT 82742387": {
                        "L2 INT91196065": {},
                        "ONT ALCL89742412": {}
                    }
                }
            }
        },
        "Service INT91196068": {
            "ICFS 82742418": {
                "CPECFS 82742418": {
                    "RG 82742418": {
                        "CPEManagement 82742418": {}
                    }
                },
                "LDAP 82742418": {},
                "PONCFS 82742418": {
                    "OLT 82742418": {
                        "L2 INT91196068": {},
                        "ONT ALCL89942414": {}
                    }
                }
            }
        },
        "Service INT91196191": {
            "ICFS 82744517": {}
        },
        "Service INT91196198": {
            "ICFS 82744729": {}
        },
        "Service INT91196200": {
            "ICFS 82744753": {}
        },
        "Service INT91196206": {
            "ICFS 82744842": {}
        },
        "Service INT91196208": {
            "ICFS 82744868": {}
        },
        "Service INT91196209": {
            "ICFS 82744907": {}
        },
        "Service INT91196224": {
            "ICFS 82745204": {}
        },
        "Service INT91196225": {
            "ICFS 82745296": {}
        },
        "Service INT91196234": {
            "ICFS 82745563": {}
        },
        "Service INT91196298": {
            "ICFS 82746488": {
                "CPECFS 82746488": {
                    "RG 82746488": {
                        "CPEManagement 82746488": {}
                    }
                },
                "LDAP 82746488": {},
                "PONCFS 82746488": {
                    "OLT 82746488": {
                        "L2 INT91196298": {},
                        "ONT AAAA11146616": {}
                    }
                }
            }
        },
        "Service INT91196314": {
            "ICFS 82746797": {
                "CPECFS 82746797": {
                    "RG 82746797": {
                        "CPEManagement 82746797": {}
                    }
                },
                "LDAP 82746797": {},
                "PONCFS 82746797": {
                    "OLT 82746797": {
                        "L2 INT91196314": {},
                        "ONT BBBB11446619": {}
                    }
                }
            }
        },
        "Service INT91196350": {
            "ICFS 82747256": {
                "CPECFS 82747256": {
                    "RG 82747256": {
                        "CPEManagement 82747256": {}
                    }
                },
                "LDAP 82747256": {},
                "PONCFS 82747256": {
                    "OLT 82747256": {
                        "L2 INT91196350": {},
                        "ONT ALCL15742012": {}
                    }
                }
            }
        },
        "Service INT91196388": {
            "ICFS 82747735": {
                "CPECFS 82747735": {
                    "RG 82747735": {
                        "CPEManagement 82747735": {}
                    }
                },
                "LDAP 82747735": {},
                "PONCFS 82747735": {
                    "OLT 82747735": {
                        "L2 INT91196388": {},
                        "ONT BBBB17447219": {}
                    }
                }
            }
        },
        "Service INT91196439": {
            "ICFS 82748456": {
                "CPECFS 82748456": {
                    "RG 82748456": {
                        "CPEManagement 82748456": {}
                    }
                },
                "LDAP 82748456": {},
                "PONCFS 82748456": {
                    "OLT 82748456": {
                        "L2 INT91196439": {},
                        "ONT ALCL21642614": {}
                    }
                }
            }
        },
        "Service INT91196440": {
            "ICFS 82748464": {
                "CPECFS 82748464": {
                    "RG 82748464": {
                        "CPEManagement 82748464": {}
                    }
                },
                "LDAP 82748464": {},
                "PONCFS 82748464": {
                    "OLT 82748464": {
                        "L2 INT91196440": {},
                        "ONT AAAA23147816": {}
                    }
                }
            }
        },
        "Service INT91196462": {
            "ICFS 82748820": {
                "CPECFS 82748820": {
                    "RG 82748820": {
                        "CPEManagement 82748820": {}
                    }
                },
                "LDAP 82748820": {},
                "PONCFS 82748820": {
                    "OLT 82748820": {
                        "L2 INT91196462": {},
                        "ONT SMBS03452EFC": {}
                    }
                }
            }
        },
        "Service INT91196483": {
            "ICFS 82749509": {
                "CPECFS 82749509": {
                    "RG 82749509": {
                        "CPEManagement 82749509": {}
                    }
                },
                "LDAP 82749509": {},
                "PONCFS 82749509": {
                    "OLT 82749509": {
                        "L2 INT91196483": {},
                        "ONT BBBB28448319": {}
                    }
                }
            }
        },
        "Service INT91196500": {
            "ICFS 82749703": {
                "CPECFS 82749703": {
                    "RG 82749703": {
                        "CPEManagement 82749703": {}
                    }
                },
                "LDAP 82749703": {},
                "PONCFS 82749703": {
                    "OLT 82749703": {
                        "L2 INT91196500": {},
                        "ONT BBBB26248117": {}
                    }
                }
            }
        },
        "Service INT91196506": {
            "ICFS 82749818": {
                "CPECFS 82749818": {
                    "RG 82749818": {
                        "CPEManagement 82749818": {}
                    }
                },
                "LDAP 82749818": {},
                "PONCFS 82749818": {
                    "OLT 82749818": {
                        "L2 INT91196506": {},
                        "ONT ALCL27543212": {}
                    }
                }
            }
        },
        "Service INT91196512": {
            "ICFS 82749884": {
                "CPECFS 82749884": {
                    "RG 82749884": {
                        "CPEManagement 82749884": {}
                    }
                },
                "LDAP 82749884": {},
                "PONCFS 82749884": {
                    "OLT 82749884": {
                        "L2 INT91196512": {},
                        "ONT ALCL25643014": {}
                    }
                }
            }
        },
        "Service INT91196547": {
            "ICFS 82750364": {
                "CPECFS 82750364": {
                    "RG 82750364": {
                        "CPEManagement 82750364": {}
                    }
                },
                "LDAP 82750364": {},
                "PONCFS 82750364": {
                    "OLT 82750364": {
                        "L2 INT91196547": {},
                        "ONT SMBS033F822C": {}
                    }
                }
            }
        },
        "Service INT91196574": {
            "ICFS 82750835": {
                "CPECFS 82750835": {
                    "RG 82750835": {
                        "CPEManagement 82750835": {}
                    }
                },
                "LDAP 82750835": {},
                "PONCFS 82750835": {
                    "OLT 82750835": {
                        "L2 INT91196574": {},
                        "ONT ALCL33943814": {}
                    }
                }
            }
        },
        "Service INT91196620": {
            "ICFS 82751417": {
                "CPECFS 82751417": {
                    "RG 82751417": {
                        "CPEManagement 82751417": {}
                    }
                },
                "LDAP 82751417": {},
                "PONCFS 82751417": {
                    "OLT 82751417": {
                        "L2 INT91196620": {},
                        "ONT BBBB32249017": {}
                    }
                }
            }
        },
        "Service INT91196666": {
            "ICFS 82752104": {
                "CPECFS 82752104": {
                    "RG 82752104": {
                        "CPEManagement 82752104": {}
                    }
                },
                "LDAP 82752104": {},
                "PONCFS 82752104": {
                    "OLT 82752104": {
                        "L2 INT91196666": {},
                        "ONT BBBB31445219": {}
                    }
                }
            }
        },
        "Service INT91196726": {
            "ICFS 82752934": {
                "CPECFS 82752934": {
                    "RG 82752934": {
                        "CPEManagement 82752934": {}
                    }
                },
                "LDAP 82752934": {},
                "PONCFS 82752934": {
                    "OLT 82752934": {
                        "L2 INT91196726": {},
                        "ONT ALCL36645714": {}
                    }
                }
            }
        },
        "Service INT91196785": {
            "ICFS 82753794": {
                "CPECFS 82753794": {
                    "RG 82753794": {
                        "CPEManagement 82753794": {}
                    }
                },
                "LDAP 82753794": {},
                "PONCFS 82753794": {
                    "OLT 82753794": {
                        "L2 INT91196785": {},
                        "ONT BBBB52247317": {}
                    }
                }
            }
        },
        "Service INT91196902": {
            "ICFS 82755403": {
                "PONCFS 82755403": {
                    "OLT 82755403": {
                        "L2 INT91196902": {},
                        "ONT BBBB24441119": {}
                    }
                }
            }
        },
        "Service INT91196918": {
            "ICFS 82755568": {
                "CPECFS 82755568": {
                    "RG 82755568": {
                        "CPEManagement 82755568": {}
                    }
                },
                "LDAP 82755568": {},
                "PONCFS 82755568": {
                    "OLT 82755568": {
                        "L2 INT91196918": {},
                        "ONT BBBB22242117": {}
                    }
                }
            }
        },
        "Service INT91196973": {
            "ICFS 82756247": {
                "CPECFS 82756247": {
                    "RG 82756247": {
                        "CPEManagement 82756247": {}
                    }
                },
                "LDAP 82756247": {},
                "PONCFS 82756247": {
                    "OLT 82756247": {
                        "L2 INT91196973": {},
                        "ONT BBBB22242117": {}
                    }
                }
            }
        },
        "Service INT91197021": {
            "ICFS 82756873": {
                "PONCFS 82756873": {
                    "OLT 82756873": {
                        "L2 INT91197021": {},
                        "ONT ALCL22942114": {}
                    }
                }
            }
        },
        "Service INT91197061": {
            "ICFS 82757316": {
                "CPECFS 82757316": {
                    "RG 82757316": {
                        "CPEManagement 82757316": {}
                    }
                },
                "LDAP 82757316": {},
                "PONCFS 82757316": {
                    "OLT 82757316": {
                        "L2 INT91197061": {},
                        "ONT SMBS0345863A": {}
                    }
                }
            }
        },
        "Service INTinstall001": {
            "ICFS 76774856": {}
        },
        "Service INTsanity2707": {
            "ICFS 76774811": {}
        },
        "Service IdRTINTER15119703": {
            "ICFS 96789803": {}
        },
        "Service In-Nov-Prov-01": {
            "ICFS 76775106": {}
        },
        "Service In-Nov01-SID-001": {
            "ICFS 2610001": {}
        },
        "Service Int-Nov27-SID-007": {
            "ICFS 11272011": {}
        },
        "Service Int-Robo1-SID-008": {
            "ICFS 3510008": {}
        },
        "Service Int-Robo1-SID-302": {
            "ICFS 3513002": {}
        },
        "Service PISP01_Hans_INTNET_Create_012": {
            "ICFS 76774889": {}
        },
        "Service PISP01_Hans_INTNET_Create_013": {
            "ICFS 76774889": {}
        },
        "Service PISP01_Hans_INTNET_Create_014": {
            "ICFS 130620221": {}
        },
        "Service RCLRYDRCR818": {
            "ICFS 96779818": {
                "CPECFS 96779818": {
                    "RG 96779818": {
                        "CPEManagement 96779818": {}
                    }
                },
                "LDAP 96779818": {},
                "PONCFS 96779818": {
                    "OLT 96779818": {}
                }
            }
        },
        "Service RCLRYDRCR819": {
            "ICFS 96779819": {}
        },
        "Service RET05092201": {
            "ICFS 05092200": {}
        },
        "Service RET05092202": {
            "ICFS 05092201": {}
        },
        "Service RET06092200": {
            "ICFS 060922001": {}
        },
        "Service RET07092201": {
            "ICFS 070922001": {}
        },
        "Service RET07102204": {
            "ICFS 07102204": {}
        },
        "Service RET0710220488888888766676677877588": {
            "ICFS 07102207": {}
        },
        "Service RET07102209": {
            "ICFS 07102209": {}
        },
        "Service RET08092201": {
            "ICFS 080922001": {}
        },
        "Service RET09092201": {
            "ICFS 090922001": {}
        },
        "Service RET11092200": {
            "ICFS 11092200": {}
        },
        "Service RET119073699": {
            "ICFS 119073699": {}
        },
        "Service RET12340191": {
            "ICFS 767850191": {
                "CPECFS 767850191": {
                    "RG 767850191": {
                        "CPEManagement 767850191": {}
                    }
                },
                "LDAP 767850191": {},
                "PONCFS 767850191": {
                    "OLT 767850191": {
                        "L2 RET12340191": {},
                        "ONT ALCL06062203": {}
                    }
                }
            }
        },
        "Service RET123402812": {
            "ICFS 7678529712": {}
        },
        "Service RET12340477": {
            "ICFS 767854077": {}
        },
        "Service RET123406920": {
            "ICFS 7678506920": {}
        },
        "Service RET123407920": {
            "ICFS 7678507920": {}
        },
        "Service RET12340873": {
            "ICFS 767858072": {
                "PONCFS 767858072": {
                    "OLT 767858072": {
                        "L2 RET12340873": {},
                        "ONT ALCL06062203": {}
                    }
                }
            }
        },
        "Service RET123408823": {
            "ICFS 7678508823": {
                "CPECFS 7678508823": {
                    "RG 7678508823": {
                        "CPEManagement 7678508823": {}
                    }
                },
                "LDAP 7678508823": {},
                "PONCFS 7678508823": {
                    "OLT 7678508823": {
                        "L2 RET123408823": {},
                        "ONT ALCL06062203": {}
                    }
                }
            }
        },
        "Service RET123411021": {
            "ICFS 767851119": {}
        },
        "Service RET123411036": {
            "ICFS 767851106": {
                "LDAP 767851106": {},
                "PONCFS 767851106": {
                    "OLT 767851106": {
                        "L2 RET123411036": {},
                        "ONT ALCL06062203": {}
                    }
                }
            }
        },
        "Service RET123411071": {
            "ICFS 7678511071": {}
        },
        "Service RET123411804": {
            "ICFS 7678511804": {
                "CPECFS 7678511804": {
                    "RG 7678511804": {
                        "CPEManagement 7678511804": {}
                    }
                },
                "LDAP 7678511804": {},
                "PONCFS 7678511804": {
                    "OLT 7678511804": {
                        "L2 RET123411804": {},
                        "ONT ALCL06062203": {}
                    }
                }
            }
        },
        "Service RET123412900": {
            "ICFS 7678512900": {}
        },
        "Service RET123415950": {
            "ICFS 7678515950": {
                "CPECFS 7678515950": {
                    "RG 7678515950": {
                        "CPEManagement 7678515950": {}
                    }
                },
                "LDAP 7678515950": {},
                "PONCFS 7678515950": {
                    "OLT 7678515950": {
                        "L2 RET123415950": {},
                        "ONT ALCL06062203": {}
                    }
                }
            }
        },
        "Service RET123416910": {
            "ICFS 7678516910": {
                "LDAP 7678516910": {},
                "PONCFS 7678516910": {
                    "OLT 7678516910": {
                        "L2 RET123416910": {},
                        "ONT ALCL06062203": {}
                    }
                }
            }
        },
        "Service RET123416911": {
            "ICFS 7678516912": {}
        },
        "Service RET12341911": {
            "ICFS 767851911": {
                "CPECFS 767851911": {
                    "RG 767851911": {
                        "CPEManagement 767851911": {}
                    }
                },
                "LDAP 767851911": {},
                "PONCFS 767851911": {
                    "OLT 767851911": {
                        "L2 RET12341911": {},
                        "ONT ALCL06062203": {}
                    }
                }
            }
        },
        "Service RET123419713": {
            "ICFS 7678519713": {
                "LDAP 7678519713": {},
                "PONCFS 7678519713": {
                    "OLT 7678519713": {
                        "L2 RET123419713": {},
                        "ONT ALCL06062203": {}
                    }
                }
            }
        },
        "Service RET123419990": {
            "ICFS 7678519990": {
                "CPECFS 7678519990": {
                    "RG 7678519990": {
                        "CPEManagement 7678519990": {}
                    }
                },
                "LDAP 7678519990": {},
                "PONCFS 7678519990": {
                    "OLT 7678519990": {
                        "L2 RET123419990": {},
                        "ONT ALCL06062203": {}
                    }
                }
            }
        },
        "Service RET12342010": {
            "ICFS 76785162010": {
                "CPECFS 76785162010": {
                    "RG 76785162010": {
                        "CPEManagement 76785162010": {}
                    }
                },
                "LDAP 76785162010": {},
                "PONCFS 76785162010": {
                    "OLT 76785162010": {
                        "L2 RET12342010": {},
                        "ONT ALCL06062203": {}
                    }
                }
            }
        },
        "Service RET1234221113": {
            "ICFS 7678221113": {
                "CPECFS 7678221113": {
                    "RG 7678221113": {
                        "CPEManagement 7678221113": {}
                    }
                },
                "LDAP 7678221113": {},
                "PONCFS 7678221113": {
                    "OLT 7678221113": {
                        "L2 RET1234221113": {},
                        "ONT ALCLF973C4F1": {}
                    }
                }
            }
        },
        "Service RET1234231160": {
            "ICFS 7678231160": {
                "CPECFS 7678231160": {
                    "RG 7678231160": {
                        "CPEManagement 7678231160": {}
                    }
                },
                "LDAP 7678231160": {},
                "PONCFS 7678231160": {
                    "OLT 7678231160": {
                        "L2 RET1234231160": {},
                        "ONT ALCLF973C4F1": {}
                    }
                }
            }
        },
        "Service RET123423821": {
            "ICFS 7678523821": {}
        },
        "Service RET1234279A": {
            "ICFS 7678529733": {
                "LDAP 7678529733": {},
                "PONCFS 7678529733": {
                    "OLT 7678529733": {
                        "L2 RET1234279A": {},
                        "ONT ALCL06062203": {}
                    }
                }
            }
        },
        "Service RET1234301170": {
            "ICFS 7678301170": {
                "CPECFS 7678301170": {
                    "RG 7678301170": {
                        "CPEManagement 7678301170": {}
                    }
                },
                "LDAP 7678301170": {},
                "PONCFS 7678301170": {
                    "OLT 7678301170": {
                        "L2 RET1234301170": {},
                        "ONT ALCLF973C4F1": {}
                    }
                }
            }
        },
        "Service RET123441132": {
            "ICFS 7678541132": {
                "CPECFS 7678541132": {
                    "RG 7678541132": {
                        "CPEManagement 7678541132": {}
                    }
                },
                "LDAP 7678541132": {},
                "PONCFS 7678541132": {
                    "OLT 7678541132": {
                        "L2 RET123441132": {},
                        "ONT ALCL06062203": {}
                    }
                }
            }
        },
        "Service RET123441136": {
            "ICFS 7678541136": {}
        },
        "Service RET12347833": {
            "ICFS 76785160901": {
                "LDAP 76785160901": {},
                "PONCFS 76785160901": {
                    "OLT 76785160901": {
                        "L2 RET12347833": {},
                        "ONT ALCL06062203": {}
                    }
                }
            }
        },
        "Service RET12347856": {
            "ICFS 767858072": {
                "LDAP 767858072": {},
                "PONCFS 767858072": {
                    "OLT 767858072": {
                        "L2 RET12347856": {},
                        "ONT ALCL06062203": {}
                    }
                }
            }
        },
        "Service RET12349023": {
            "ICFS 7678590123": {
                "CPECFS 7678590123": {
                    "RG 7678590123": {
                        "CPEManagement 7678590123": {}
                    }
                },
                "LDAP 7678590123": {},
                "PONCFS 7678590123": {
                    "OLT 7678590123": {
                        "L2 RET12349023": {},
                        "ONT ALCL06062203": {}
                    }
                }
            }
        },
        "Service RET12349234": {
            "ICFS 767858075": {
                "CPECFS 767858075": {
                    "RG 767858075": {
                        "CPEManagement 767858075": {}
                    }
                },
                "LDAP 767858075": {},
                "PONCFS 767858075": {
                    "OLT 767858075": {
                        "L2 RET12349234": {},
                        "ONT ALCL06062203": {}
                    }
                }
            }
        },
        "Service RET12427972": {
            "ICFS 7627097901": {
                "CPECFS 7627097901": {
                    "RG 7627097901": {
                        "CPEManagement 7627097901": {}
                    }
                },
                "LDAP 7627097901": {},
                "PONCFS 7627097901": {
                    "OLT 7627097901": {
                        "L2 RET12427972": {},
                        "ONT ALCL06062203": {}
                    }
                }
            }
        },
        "Service RET1244221103": {
            "ICFS 7778221103": {
                "LDAP 7778221103": {},
                "PONCFS 7778221103": {
                    "OLT 7778221103": {
                        "L2 RET1244221103": {},
                        "ONT ALCL06062203": {}
                    }
                }
            }
        },
        "Service RET13092200": {
            "ICFS 13092200": {}
        },
        "Service RET14092200": {
            "ICFS 13092200": {}
        },
        "Service RET15092200": {
            "ICFS 15092200": {
                "PONCFS 15092200": {
                    "OLT 15092200": {
                        "L2 RET15092200": {},
                        "ONT ALCL06062203": {}
                    }
                }
            }
        },
        "Service RET15092201": {
            "ICFS 15092201": {
                "PONCFS 15092201": {
                    "OLT 15092201": {
                        "L2 RET15092201": {},
                        "ONT ALCL06062203": {}
                    }
                }
            }
        },
        "Service RET150924326": {
            "ICFS 71509523907": {
                "CPECFS 71509523907": {
                    "RG 71509523907": {
                        "CPEManagement 71509523907": {}
                    }
                },
                "LDAP 71509523907": {},
                "PONCFS 71509523907": {
                    "OLT 71509523907": {
                        "L2 RET150924326": {},
                        "ONT ALCL06062203": {}
                    }
                }
            }
        },
        "Service RET191001": {
            "ICFS 19102201": {
                "PONCFS 19102201": {
                    "OLT 19102201": {
                        "L2 RET191001": {},
                        "ONT ALCL06062203": {}
                    }
                }
            }
        },
        "Service RET211010": {
            "ICFS 21102210": {
                "LDAP 21102210": {},
                "PONCFS 21102210": {
                    "OLT 21102210": {
                        "L2 RET211010": {},
                        "ONT ALCL06062203": {}
                    }
                }
            }
        },
        "Service RET23092201": {
            "ICFS 23092201": {
                "CPECFS 23092201": {
                    "RG 23092201": {
                        "CPEManagement 23092201": {}
                    }
                },
                "LDAP 23092201": {},
                "PONCFS 23092201": {
                    "OLT 23092201": {
                        "L2 RET23092201": {},
                        "ONT ALCL06062203": {}
                    }
                }
            }
        },
        "Service RET28092201": {
            "ICFS 28092201": {
                "CPECFS 28092201": {
                    "RG 28092201": {
                        "CPEManagement 28092201": {}
                    }
                },
                "LDAP 28092201": {},
                "PONCFS 28092201": {
                    "OLT 28092201": {
                        "L2 RET28092201": {},
                        "ONT ALCL06062203": {}
                    }
                }
            }
        },
        "Service RET30082201": {
            "ICFS 30082212": {
                "CPECFS 30082212": {
                    "RG 30082212": {
                        "CPEManagement 30082212": {}
                    }
                },
                "LDAP 30082212": {},
                "PONCFS 30082212": {
                    "OLT 30082212": {
                        "L2 RET30082201": {},
                        "ONT ALCL06062203": {}
                    }
                }
            }
        },
        "Service RET76781103": {
            "ICFS 7678110320": {}
        },
        "Service RET76781104": {
            "ICFS 7678110330": {}
        },
        "Service RET93924371": {
            "ICFS 78199324372": {}
        },
        "Service RET96733301": {
            "ICFS 66685225101": {
                "LDAP 66685225101": {},
                "PONCFS 66685225101": {
                    "OLT 66685225101": {
                        "L2 RET96733301": {},
                        "ONT ALCL06062204": {}
                    }
                }
            }
        },
        "Service RET999423821": {
            "ICFS 7620093820": {
                "CPECFS 7620093820": {
                    "RG 7620093820": {
                        "CPEManagement 7620093820": {}
                    }
                },
                "LDAP 7620093820": {},
                "PONCFS 7620093820": {
                    "OLT 7620093820": {
                        "L2 RET999423821": {},
                        "ONT ALCLF973C4F1": {}
                    }
                }
            }
        },
        "Service RETAILINT04": {
            "ICFS 76785003": {
                "LDAP 76785003": {},
                "PONCFS 76785003": {
                    "OLT 76785003": {}
                }
            }
        },
        "Service RETCLRCREATE03": {
            "ICFS 96779803": {}
        },
        "Service RETINET01": {
            "ICFS 76785003": {
                "LDAP 76785003": {},
                "PONCFS 76785003": {
                    "OLT 76785003": {
                        "L2 RETINET01": {},
                        "ONT ALCL06062203": {}
                    }
                }
            }
        },
        "Service RETINSCRE831": {
            "ICFS 961779831": {
                "LDAP 961779831": {},
                "PONCFS 961779831": {
                    "OLT 961779831": {}
                }
            }
        },
        "Service RETINT0212": {
            "ICFS RET021201": {
                "PONCFS RET021201": {
                    "OLT RET021201": {
                        "L2 RETINT0212": {},
                        "ONT ALCL06062203": {}
                    }
                }
            }
        },
        "Service RETINT0512": {
            "ICFS RET051201": {}
        },
        "Service RETINT0513": {
            "ICFS RET051202": {}
        },
        "Service RETINT0515": {
            "ICFS RET051205": {}
        },
        "Service RETINT08112275": {
            "ICFS 30811473": {
                "LDAP 30811473": {},
                "PONCFS 30811473": {
                    "OLT 30811473": {
                        "L2 RETINT08112275": {},
                        "ONT ALCL06062203": {}
                    }
                }
            }
        },
        "Service RETINT12501": {
            "ICFS RET12500": {}
        },
        "Service RETINT13102205": {
            "ICFS 13102206": {
                "PONCFS 13102206": {
                    "OLT 13102206": {
                        "L2 RETINT13102205": {},
                        "ONT ALCL06062203": {}
                    }
                }
            }
        },
        "Service RETINT13102207": {
            "ICFS 13102207": {}
        },
        "Service RETINT14102201": {
            "ICFS 14102201": {}
        },
        "Service RETINT161156": {
            "ICFS RET161155": {
                "LDAP RET161155": {},
                "PONCFS RET161155": {
                    "OLT RET161155": {
                        "L2 RETINT161156": {},
                        "ONT ALCL06062203": {}
                    }
                }
            }
        },
        "Service RETINT161163": {
            "ICFS RET161163": {
                "CPECFS RET161163": {
                    "RG RET161163": {
                        "CPEManagement RET161163": {}
                    }
                },
                "LDAP RET161163": {},
                "PONCFS RET161163": {
                    "OLT RET161163": {
                        "L2 RETINT161163": {},
                        "ONT ALCL06062203": {}
                    }
                }
            }
        },
        "Service RETINT221105": {
            "ICFS RET221105": {
                "CPECFS RET221105": {
                    "RG RET221105": {
                        "CPEManagement RET221105": {}
                    }
                },
                "LDAP RET221105": {},
                "PONCFS RET221105": {
                    "OLT RET221105": {
                        "L2 RETINT221105": {},
                        "ONT ALCL06062203": {}
                    }
                }
            }
        },
        "Service RETINT2810": {
            "ICFS RET2810": {
                "CPECFS RET2810": {
                    "RG RET2810": {
                        "CPEManagement RET2810": {}
                    }
                },
                "LDAP RET2810": {},
                "PONCFS RET2810": {
                    "OLT RET2810": {
                        "L2 RETINT2810": {},
                        "ONT ALCL06062203": {}
                    }
                }
            }
        },
        "Service RETINTCRE0171": {
            "ICFS 76785017": {}
        },
        "Service RETINTCRE0174": {
            "ICFS 767850174": {
                "CPECFS 767850174": {
                    "RG 767850174": {
                        "CPEManagement 767850174": {}
                    }
                },
                "LDAP 767850174": {},
                "PONCFS 767850174": {
                    "OLT 767850174": {
                        "L2 RETINTCRE0174": {},
                        "ONT ALCL06062203": {}
                    }
                }
            }
        },
        "Service RETINTCRE0474": {
            "ICFS 767850474": {}
        },
        "Service RETINTCRE0475": {
            "ICFS 767850475": {}
        },
        "Service RETINTCRE0476": {
            "ICFS 767854076": {}
        },
        "Service RETINTCRE23066": {
            "ICFS 76785432": {
                "LDAP 76785432": {},
                "PONCFS 76785432": {
                    "OLT 76785432": {
                        "L2 RETINTCRE23066": {},
                        "ONT ALCL06062201": {}
                    }
                }
            }
        },
        "Service RETINTCRE2400": {
            "ICFS 76785240": {
                "CPECFS 76785240": {
                    "RG 76785240": {
                        "CPEManagement 76785240": {}
                    }
                },
                "LDAP 76785240": {},
                "PONCFS 76785240": {
                    "OLT 76785240": {}
                }
            }
        },
        "Service RETINTCRE270600": {
            "ICFS 76785244": {}
        },
        "Service RETINTCRE270601": {
            "ICFS 76785244": {}
        },
        "Service RETINTCRE270602": {
            "ICFS 76785254": {}
        },
        "Service RETINTCRE2800": {
            "ICFS 76785280": {
                "CPECFS 76785280": {
                    "RG 76785280": {}
                },
                "LDAP 76785280": {},
                "PONCFS 76785280": {
                    "OLT 76785280": {}
                }
            }
        },
        "Service RETIntCRE002": {
            "ICFS 96779803": {}
        },
        "Service RETIntCRE005C": {
            "ICFS 96778829": {
                "LDAP 96778829": {},
                "PONCFS 96778829": {
                    "OLT 96778829": {}
                }
            }
        },
        "Service RETIntCRE170": {
            "ICFS 96779170": {
                "CPECFS 96779170": {
                    "RG 96779170": {
                        "CPEManagement 96779170": {}
                    }
                },
                "LDAP 96779170": {},
                "PONCFS 96779170": {
                    "OLT 96779170": {}
                }
            }
        },
        "Service RET_CLRY_Dharma_CREATE_002": {
            "ICFS 96779901": {
                "LDAP 96779901": {},
                "PONCFS 96779901": {
                    "OLT 96779901": {}
                }
            }
        },
        "Service RET_CLRY_Dharma_CREATE_805": {
            "ICFS 96779805": {}
        },
        "Service RET_CLRY_Dharma_CREATE_810": {
            "ICFS 96779810": {}
        },
        "Service REThanCRE010": {
            "ICFS 961779010": {
                "CPECFS 961779010": {
                    "RG 961779010": {
                        "CPEManagement 961779010": {}
                    }
                },
                "LDAP 961779010": {},
                "PONCFS 961779010": {
                    "OLT 961779010": {}
                }
            }
        },
        "Service RETnaga_CREATE_801": {
            "ICFS 96779803": {}
        },
        "Service RETnaga_CREATE_8065": {
            "ICFS 96779803": {}
        },
        "Service RTL-INT-100": {
            "ICFS 151123": {}
        },
        "Service RT_HC_INTNET_Create_001": {
            "ICFS 76774899": {}
        },
        "Service RT_INTNET_Create_010": {
            "ICFS 76774820": {}
        },
        "Service RetIntCr001": {
            "ICFS 96779401": {}
        },
        "Service RetInteCre1": {
            "ICFS 961779010": {
                "LDAP 961779010": {},
                "PONCFS 961779010": {
                    "OLT 961779010": {}
                }
            }
        },
        "Service SOM100001001": {
            "ICFS 9617791001": {}
        },
        "Service SOM100001011": {
            "ICFS 9617791011": {
                "CPECFS 9617791011": {
                    "RG 9617791011": {
                        "CPEManagement 9617791011": {}
                    }
                },
                "LDAP 9617791011": {},
                "PONCFS 9617791011": {
                    "OLT 9617791011": {
                        "L2 SOM100001011": {},
                        "ONT ALCLF973C4F1": {}
                    }
                }
            }
        },
        "Service SOM100001015": {
            "ICFS 9617791015": {
                "CPECFS 9617791015": {
                    "RG 9617791015": {
                        "CPEManagement 9617791015": {}
                    }
                },
                "LDAP 9617791015": {},
                "PONCFS 9617791015": {
                    "OLT 9617791015": {
                        "L2 SOM100001015": {},
                        "ONT ALCLF973C4F1": {}
                    }
                }
            }
        },
        "Service SOM100001056": {
            "ICFS 9617791056": {
                "PONCFS 9617791056": {
                    "OLT 9617791056": {
                        "L2 SOM100001056": {},
                        "ONT ALCL00001056": {}
                    }
                }
            }
        },
        "Service SOM100001057": {
            "ICFS 9617791057": {
                "PONCFS 9617791057": {
                    "OLT 9617791057": {
                        "L2 SOM100001057": {},
                        "ONT ALCL00001057": {}
                    }
                }
            }
        },
        "Service SOM100001061": {
            "ICFS 9617791061": {
                "PONCFS 9617791061": {
                    "OLT 9617791061": {
                        "L2 SOM100001061": {},
                        "ONT ALCL00001061": {}
                    }
                }
            }
        },
        "Service SOM10000837": {
            "ICFS 961779837": {
                "CPECFS 961779837": {
                    "RG 961779837": {
                        "CPEManagement 961779837": {}
                    }
                },
                "LDAP 961779837": {},
                "PONCFS 961779837": {
                    "OLT 961779837": {}
                }
            }
        },
        "Service SOM10000842": {
            "ICFS 961779842": {
                "CPECFS 961779842": {
                    "RG 961779842": {
                        "CPEManagement 961779842": {}
                    }
                },
                "LDAP 961779842": {},
                "PONCFS 961779842": {
                    "OLT 961779842": {}
                }
            }
        },
        "Service SOM10000864": {
            "ICFS 961779864": {}
        },
        "Service SOM10000865": {
            "ICFS 961779865": {}
        },
        "Service SOM10000866": {
            "ICFS 961779866": {}
        },
        "Service SOM10000902": {
            "ICFS 961779902": {
                "CPECFS 961779902": {
                    "RG 961779902": {
                        "CPEManagement 961779902": {}
                    }
                },
                "LDAP 961779902": {},
                "PONCFS 961779902": {
                    "OLT 961779902": {
                        "L2 SOM10000902": {},
                        "ONT ALCL06062203": {}
                    }
                }
            }
        },
        "Service SOM10000947": {
            "ICFS 961779947": {
                "CPECFS 961779947": {
                    "RG 961779947": {
                        "CPEManagement 961779947": {}
                    }
                },
                "LDAP 961779947": {},
                "PONCFS 961779947": {
                    "OLT 961779947": {
                        "L2 SOM10000947": {},
                        "ONT ALCL06062203": {}
                    }
                }
            }
        },
        "Service Service-Int-S1-Test": {
            "ICFS 105523": {}
        },
        "Service naga002-INET-CREATE-1": {
            "ICFS 1003402": {}
        },
        "Service naga002-INET-CREATE-2": {
            "ICFS 10033": {}
        },
        "Service naga003-INET-CREATE-1": {
            "ICFS 100343": {}
        },
        "Service naga103-INET-CREATE-1": {
            "ICFS 15343": {}
        },
        "Service naga1103-INET-CREATE-1": {
            "ICFS 153463": {}
        },
        "Service naga1503-INET-CREATE-1": {
            "ICFS 153543": {}
        },
        "Service naga9503-INET-CREATE-1": {
            "ICFS 953543": {}
        },
        "Service priya31-INET-CREATE-74": {
            "ICFS 631969301": {}
        },
        "Service priya81-INET-CREATE-99": {
            "ICFS 811989351`": {}
        },
        "Service priyaa71-INET-CREATE-889": {
            "ICFS 8119844187": {
                "LDAP 8119844187": {},
                "PONCFS 8119844187": {
                    "OLT 8119844187": {}
                }
            }
        },
        "Service sanity_INTNET_Create_718": {
            "ICFS 76774718": {}
        },
        "Service sanity_INTNET_Create_722": {
            "ICFS 76774722": {}
        },
        "Service sanity_INTNET_Create_723": {
            "ICFS 76774723": {}
        }
    }
}

