     {
        "Service 00332490-5f1f-11ed-b8ec-3f7264a6d0c1": {
            "ICFS 872634881108": {
                "PONCFS 872634881108": {
                    "ONT 872634881108": {}
                }
            }
        },
        "Service 00339570-23a5-11ed-b2d0-394dd562f652": {
            "ICFS 21072225": {
                "CPECFS 21072225": {
                    "RG 21072225": {
                        "CPEManagement 21072225": {}
                    }
                },
                "LDAP 21072225": {
                    "UserProfile A70002288": {}
                },
                "PONCFS 21072225": {
                    "ONT 21072225": {}
                }
            }
        },
        "Service 0064e2d0-0da5-11ed-bfa1-edfb3ae06dae": {
            "ICFS SIROSIT270700": {}
        },
        "Service 02229540-4ec8-11ed-9795-49911a8859a8": {
            "ICFS 82750788": {}
        },
        "Service 023040d0-dfee-11ec-ab65-817725859a11": {
            "ICFS SIRO-Aadee": {
                "LDAP SIRO-Aadee": {
                    "UserProfile SIRO-Aadee": {}
                },
                "PONCFS SIRO-Aadee": {
                    "ONT SIRO-Aadee": {}
                }
            }
        },
        "Service 047669c0-29fc-11ed-bfa1-edfb3ae06dae": {
            "ICFS 21011934": {}
        },
        "Service 04dad440-f6e0-11ec-ab65-817725859a11": {
            "ICFS RETSIRO28062220": {}
        },
        "Service 05a144c0-0416-11ed-bfa1-edfb3ae06dae": {
            "ICFS SIROINT157": {}
        },
        "Service 05bd2860-37e3-11ed-ab65-817725859a11": {
            "ICFS SIROINT19092201": {}
        },
        "Service 06136f70-5031-11ed-9d56-3bcdd967fe43": {
            "ICFS 76782010605": {}
        },
        "Service 066687b0-4ea0-11ed-bf22-49ebd3e6f9c9": {
            "ICFS 18102201": {}
        },
        "Service 06f35300-38d6-11ed-b2d0-394dd562f652": {
            "ICFS 20092204": {
                "PONCFS 20092204": {
                    "ONT 20092204": {}
                }
            }
        },
        "Service 07b3f400-7136-11ed-b8ec-3f7264a6d0c1": {
            "ICFS 01122022": {}
        },
        "Service 083412f0-58ec-11ed-b8ec-3f7264a6d0c1": {
            "ICFS 82752251": {}
        },
        "Service 08702ad0-33fb-11ed-bfa1-edfb3ae06dae": {
            "ICFS 82745610": {}
        },
        "Service 08fe28d0-3e55-11ed-ab65-817725859a11": {
            "ICFS 20092201": {}
        },
        "Service 096cb320-4b7c-11ed-ad86-83b6cefcad50": {
            "ICFS 14102201": {
                "PONCFS 14102201": {
                    "ONT 14102201": {}
                }
            }
        },
        "Service 0a8eef30-0724-11ed-ab65-817725859a11": {
            "ICFS siro19072203": {}
        },
        "Service 0bb98f00-16e7-11ed-ab65-817725859a11": {
            "ICFS 21072235": {}
        },
        "Service 0bdbe5a0-fee1-11ec-bfa1-edfb3ae06dae": {
            "ICFS VM07072221": {}
        },
        "Service 0c73a070-0bd4-11ed-b2d0-394dd562f652": {
            "ICFS SIRO25072200": {
                "CPECFS SIRO25072200": {
                    "RG SIRO25072200": {
                        "CPEManagement SIRO25072200": {}
                    }
                },
                "LDAP SIRO25072200": {
                    "UserProfile A70002249": {}
                },
                "PONCFS SIRO25072200": {
                    "ONT SIRO25072200": {}
                }
            }
        },
        "Service 0d349ab0-6bb4-11ed-90c7-1d46599ba8fd": {
            "ICFS siro2411": {}
        },
        "Service 0d6616f0-2463-11ed-bfa1-edfb3ae06dae": {
            "ICFS 7678525820": {}
        },
        "Service 0d9c7a20-0720-11ed-ab65-817725859a11": {
            "ICFS siro19072201": {}
        },
        "Service 0f2c4260-58e4-11ed-90c7-1d46599ba8fd": {
            "ICFS 82752227": {}
        },
        "Service 0f682660-1279-11ed-bfa1-edfb3ae06dae": {
            "ICFS 88271021": {}
        },
        "Service 1034e360-2ea0-11ed-ab65-817725859a11": {
            "ICFS 26079127": {
                "PONCFS 26079127": {
                    "ONT 26079127": {}
                }
            }
        },
        "Service 11859630-641d-11ed-90c7-1d46599ba8fd": {
            "ICFS 14112213": {}
        },
        "Service 1333f4b0-0863-11ed-ab65-817725859a11": {
            "ICFS 90909090": {}
        },
        "Service 13f95700-14d9-11ed-ab65-817725859a11": {
            "ICFS 88271031": {}
        },
        "Service 14405630-17ba-11ed-bfa1-edfb3ae06dae": {
            "ICFS 26072324": {}
        },
        "Service 1476d110-3f2e-11ed-ab65-817725859a11": {
            "ICFS 28092206": {}
        },
        "Service 14d09dc0-1324-11ed-ab65-817725859a11": {
            "ICFS SIROINT001": {}
        },
        "Service 16056830-7132-11ed-b8ec-3f7264a6d0c1": {
            "ICFS 011220011": {}
        },
        "Service 16d3da80-5e54-11ed-90c7-1d46599ba8fd": {
            "ICFS 872634880711": {}
        },
        "Service 16f3c1b0-359b-11ed-ab65-817725859a11": {
            "ICFS 16092204": {
                "PONCFS 16092204": {
                    "ONT 16092204": {}
                }
            }
        },
        "Service 172dd880-66f3-11ed-84c8-534f776015f1": {
            "ICFS SIRO1811": {
                "PONCFS SIRO1811": {
                    "ONT SIRO1811": {}
                }
            }
        },
        "Service 1738f3c0-5526-11ed-8b74-b19d8cb90052": {
            "ICFS 26102200": {}
        },
        "Service 1891f430-1de8-11ed-bfa1-edfb3ae06dae": {
            "ICFS SIRO17082200": {
                "PONCFS SIRO17082200": {
                    "ONT SIRO17082200": {}
                }
            }
        },
        "Service 1a2e8160-40bf-11ed-b2d0-394dd562f652": {
            "ICFS 35072233": {}
        },
        "Service 1a5a1270-3a62-11ed-ab65-817725859a11": {
            "ICFS 20092201": {}
        },
        "Service 1b076420-127b-11ed-b2d0-394dd562f652": {
            "ICFS 88271023": {}
        },
        "Service 1bc2f240-37e6-11ed-ab65-817725859a11": {
            "ICFS 76775006": {}
        },
        "Service 1bfd5d50-1954-11ed-b2d0-394dd562f652": {
            "ICFS 123468": {}
        },
        "Service 1d2b7cc0-3803-11ed-b2d0-394dd562f652": {
            "ICFS SIROINT19092205": {
                "PONCFS SIROINT19092205": {
                    "ONT SIROINT19092205": {}
                }
            }
        },
        "Service 1ddf2090-172e-11ed-bfa1-edfb3ae06dae": {
            "ICFS 88271042": {}
        },
        "Service 1dfb89d0-07e6-11ed-ab65-817725859a11": {
            "ICFS SIRO20072200": {}
        },
        "Service 1e95c050-0e70-11ed-b2d0-394dd562f652": {
            "ICFS 88271005": {}
        },
        "Service 207e2ef0-2754-11ed-ab65-817725859a11": {
            "ICFS SIRO29082200": {}
        },
        "Service 20969f10-1955-11ed-ab65-817725859a11": {
            "ICFS 16119702": {}
        },
        "Service 209db940-6c7e-11ed-b8ec-3f7264a6d0c1": {
            "ICFS 25112022": {}
        },
        "Service 229ec700-5f65-11ed-84c8-534f776015f1": {
            "ICFS 82753516": {}
        },
        "Service 24953810-4e07-11ed-a7d9-edfb3ae06dae": {
            "ICFS 82750500": {
                "PONCFS 82750500": {
                    "ONT 82750500": {}
                }
            }
        },
        "Service 25f65980-7208-11ed-b8ec-3f7264a6d0c1": {
            "ICFS 223616212": {}
        },
        "Service 27688460-284c-11ed-bfa1-edfb3ae06dae": {
            "ICFS SIRO30082201": {}
        },
        "Service 2b649930-2cd6-11ed-ab65-817725859a11": {
            "ICFS SIROINT05092200": {}
        },
        "Service 2b764a60-17b7-11ed-ab65-817725859a11": {
            "ICFS 261072201": {}
        },
        "Service 2bc5c1b0-6bb0-11ed-90c7-1d46599ba8fd": {
            "ICFS 24112022": {}
        },
        "Service 2e33fd40-17d7-11ed-ab65-817725859a11": {
            "ICFS 26072327": {}
        },
        "Service 2f270800-4e0a-11ed-bf22-49ebd3e6f9c9": {
            "ICFS 82750500": {}
        },
        "Service 31b82d30-f6b5-11ec-ab65-817725859a11": {
            "ICFS RETSIRO28062206": {}
        },
        "Service 31bdfad0-0722-11ed-ab65-817725859a11": {
            "ICFS siro19072202": {}
        },
        "Service 32f3f7b0-f859-11ec-ab65-817725859a11": {
            "ICFS 12314356545": {}
        },
        "Service 33134a20-1000-11ed-bfa1-edfb3ae06dae": {
            "ICFS 21072234": {}
        },
        "Service 33b97a60-4f68-11ed-9795-49911a8859a8": {
            "ICFS 19102201": {
                "PONCFS 19102201": {
                    "ONT 19102201": {}
                }
            }
        },
        "Service 344fa180-7136-11ed-90c7-1d46599ba8fd": {
            "ICFS 01122022": {}
        },
        "Service 34e18870-5ff7-11ed-b8ec-3f7264a6d0c1": {
            "ICFS 09112240": {}
        },
        "Service 3674caf0-663f-11ed-90c7-1d46599ba8fd": {
            "ICFS NPCRE1701": {}
        },
        "Service 3803dc60-34dc-11ed-ab65-817725859a11": {
            "ICFS 15092205": {
                "PONCFS 15092205": {
                    "ONT 15092205": {}
                }
            }
        },
        "Service 38401fb0-3e6c-11ed-ab65-817725859a11": {
            "ICFS 22092022": {}
        },
        "Service 3a2f2870-195f-11ed-bfa1-edfb3ae06dae": {
            "ICFS 21076523": {}
        },
        "Service 3a532240-0cc9-11ed-bfa1-edfb3ae06dae": {
            "ICFS SIRO26072202": {}
        },
        "Service 3a965410-121f-11ed-b2d0-394dd562f652": {
            "ICFS SIRO02082200": {}
        },
        "Service 3d3c5400-072d-11ed-bfa1-edfb3ae06dae": {
            "ICFS siro19072205": {}
        },
        "Service 3e0dc470-1157-11ed-ab65-817725859a11": {
            "ICFS SIRO01082200": {}
        },
        "Service 3e404df0-2462-11ed-b2d0-394dd562f652": {
            "ICFS 260239224": {}
        },
        "Service 400e8070-3a6a-11ed-b2d0-394dd562f652": {
            "ICFS 20092201": {}
        },
        "Service 416d4920-3825-11ed-ab65-817725859a11": {
            "ICFS 19091901": {
                "PONCFS 19091901": {
                    "ONT 19091901": {}
                }
            }
        },
        "Service 417fe420-50fa-11ed-9bb1-45603a861951": {
            "ICFS 21102201": {}
        },
        "Service 41db78e0-f82a-11ec-bfa1-edfb3ae06dae": {
            "ICFS RETSIRO30062200": {}
        },
        "Service 4212c5d0-506c-11ed-9d56-3bcdd967fe43": {
            "ICFS 2620102253": {
                "PONCFS 2620102253": {
                    "ONT 2620102253": {}
                }
            }
        },
        "Service 42538180-0e43-11ed-bfa1-edfb3ae06dae": {
            "ICFS 87654321": {}
        },
        "Service 42ceccd0-17d7-11ed-b2d0-394dd562f652": {
            "ICFS 123465": {}
        },
        "Service 441e3660-17ba-11ed-ab65-817725859a11": {
            "ICFS 26072325": {}
        },
        "Service 4529c610-17d2-11ed-b2d0-394dd562f652": {
            "ICFS 09082201": {}
        },
        "Service 46ce3ec0-3f18-11ed-b2d0-394dd562f652": {
            "ICFS 20092201": {}
        },
        "Service 481b0080-417d-11ed-ab65-817725859a11": {
            "ICFS 20092201": {}
        },
        "Service 483d1550-4ea0-11ed-9795-49911a8859a8": {
            "ICFS 18102202": {
                "CPECFS 18102202": {
                    "RG 18102202": {
                        "CPEManagement 18102202": {}
                    }
                },
                "LDAP 18102202": {
                    "UserProfile A70002246": {}
                },
                "PONCFS 18102202": {
                    "ONT 18102202": {}
                }
            }
        },
        "Service 4911e4e0-2387-11ed-bfa1-edfb3ae06dae": {
            "ICFS 24082212": {
                "PONCFS 24082212": {
                    "ONT 24082212": {}
                }
            }
        },
        "Service 4aa1dac0-18b2-11ed-b2d0-394dd562f652": {
            "ICFS SIROLDAP1": {}
        },
        "Service 4c06d170-368c-11ed-ab65-817725859a11": {
            "ICFS 21072231": {}
        },
        "Service 4c39ece0-4dd9-11ed-bb90-c3b27debda95": {
            "ICFS 17102201": {
                "PONCFS 17102201": {
                    "ONT 17102201": {}
                }
            }
        },
        "Service 4e7b07a0-f613-11ec-ab65-817725859a11": {
            "ICFS DuplicateTest27June": {}
        },
        "Service 4e7e40f0-5031-11ed-b462-77714384fbf4": {
            "ICFS 76782010600": {}
        },
        "Service 4fb10890-0d6a-11ed-bfa1-edfb3ae06dae": {
            "ICFS SIRO27072200": {}
        },
        "Service 50350190-2453-11ed-ab65-817725859a11": {
            "ICFS 25082200": {}
        },
        "Service 51522930-3a7f-11ed-ab65-817725859a11": {
            "ICFS 2603192251": {
                "PONCFS 2603192251": {
                    "ONT 2603192251": {}
                }
            }
        },
        "Service 51b6a0a0-2755-11ed-bfa1-edfb3ae06dae": {
            "ICFS SIRO29082201": {}
        },
        "Service 51bec0f0-37fe-11ed-bfa1-edfb3ae06dae": {
            "ICFS SIROINT19092202": {
                "PONCFS SIROINT19092202": {
                    "ONT SIROINT19092202": {}
                }
            }
        },
        "Service 5247f240-07e7-11ed-ab65-817725859a11": {
            "ICFS SIRO20072201": {}
        },
        "Service 541b39e0-ee44-11ec-ab65-817725859a11": {
            "ICFS TEST1234": {
                "LDAP TEST1234": {
                    "UserProfile TEST1234": {}
                },
                "PONCFS TEST1234": {
                    "ONT TEST1234": {}
                }
            }
        },
        "Service 542cde70-281e-11ed-b2d0-394dd562f652": {
            "ICFS SIRO30082200": {}
        },
        "Service 54af7c30-f43a-11ec-b2d0-394dd562f652": {
            "ICFS VMCUST25062022X3": {}
        },
        "Service 54c82dd0-17e8-11ed-b2d0-394dd562f652": {
            "ICFS 26072323": {}
        },
        "Service 550a7670-3833-11ed-b2d0-394dd562f652": {
            "ICFS 19091903": {
                "PONCFS 19091903": {
                    "ONT 19091903": {}
                }
            }
        },
        "Service 55b326a0-1883-11ed-ab65-817725859a11": {
            "ICFS 26072301": {}
        },
        "Service 55bcb300-0f00-11ed-ab65-817725859a11": {
            "ICFS 29072203": {}
        },
        "Service 57a52a60-0863-11ed-b2d0-394dd562f652": {
            "ICFS 99999999": {}
        },
        "Service 57a7e9a0-0e2e-11ed-ab65-817725859a11": {
            "ICFS SIRONegative01": {}
        },
        "Service 582ee870-1256-11ed-ab65-817725859a11": {
            "ICFS SIROINT002": {}
        },
        "Service 59117b30-0e6f-11ed-ab65-817725859a11": {
            "ICFS 88271004": {}
        },
        "Service 59a4a300-f5cf-11ec-bfa1-edfb3ae06dae": {
            "ICFS RETSIRO27062201": {}
        },
        "Service 5a4d14a0-28eb-11ed-ab65-817725859a11": {
            "ICFS SIROINT31082200": {}
        },
        "Service 5a61cdf0-417d-11ed-93f1-7b1344509a72": {
            "ICFS 20092201": {}
        },
        "Service 5b366380-f443-11ec-bfa1-edfb3ae06dae": {
            "ICFS VMCUST25062022X7": {
                "CPECFS VMCUST25062022X7": {
                    "RG VMCUST25062022X7": {}
                },
                "LDAP VMCUST25062022X7": {},
                "PONCFS VMCUST25062022X7": {
                    "ONT VMCUST25062022X7": {}
                }
            }
        },
        "Service 5c84f590-6c7e-11ed-84c8-534f776015f1": {
            "ICFS NPCRE2501": {}
        },
        "Service 5ca560a0-1891-11ed-bfa1-edfb3ae06dae": {
            "ICFS 26074562": {}
        },
        "Service 5d667e00-2e9b-11ed-b2d0-394dd562f652": {
            "ICFS 26076234": {
                "PONCFS 26076234": {
                    "ONT 26076234": {}
                }
            }
        },
        "Service 5d809690-5999-11ed-90c7-1d46599ba8fd": {
            "ICFS 0111201": {
                "PONCFS 0111201": {
                    "ONT 0111201": {}
                }
            }
        },
        "Service 5d86be70-f53b-11ec-bfa1-edfb3ae06dae": {
            "ICFS VMASJSJJES1": {}
        },
        "Service 5e6e9000-4ed8-11ed-9795-49911a8859a8": {
            "ICFS 82750801": {}
        },
        "Service 5e732070-5455-11ed-b9ef-fb6676a53b32": {
            "ICFS 82751425": {}
        },
        "Service 5e7d3b90-58d4-11ed-84c8-534f776015f1": {
            "ICFS 2631102220": {}
        },
        "Service 5fbc0150-1953-11ed-b2d0-394dd562f652": {
            "ICFS 16119702": {}
        },
        "Service 5fbc8f00-197e-11ed-bfa1-edfb3ae06dae": {
            "ICFS 88271071": {}
        },
        "Service 5fe0d9e0-2384-11ed-ab65-817725859a11": {
            "ICFS 24082211": {}
        },
        "Service 600c35e0-2785-11ed-bfa1-edfb3ae06dae": {
            "ICFS SIRO29082202": {}
        },
        "Service 60dff270-1954-11ed-b2d0-394dd562f652": {
            "ICFS 123468": {}
        },
        "Service 615ef570-18af-11ed-b2d0-394dd562f652": {
            "ICFS 16119709": {}
        },
        "Service 62d0c920-16e7-11ed-bfa1-edfb3ae06dae": {
            "ICFS 21072256": {}
        },
        "Service 62f1a6e0-3e60-11ed-b2d0-394dd562f652": {
            "ICFS 21079213": {
                "PONCFS 21079213": {
                    "ONT 21079213": {}
                }
            }
        },
        "Service 689cb460-118b-11ed-bfa1-edfb3ae06dae": {
            "ICFS 26072801": {}
        },
        "Service 6a734150-195b-11ed-b2d0-394dd562f652": {
            "ICFS 123415": {}
        },
        "Service 6b2e8330-032f-11ed-b2d0-394dd562f652": {
            "ICFS SIRO14072200": {}
        },
        "Service 6c45fe10-34fd-11ed-bfa1-edfb3ae06dae": {
            "ICFS 15092210": {}
        },
        "Service 6f6139e0-19f8-11ed-b2d0-394dd562f652": {
            "ICFS SIRO12082200": {
                "CPECFS SIRO12082200": {
                    "RG SIRO12082200": {}
                },
                "LDAP SIRO12082200": {},
                "PONCFS SIRO12082200": {
                    "ONT SIRO12082200": {}
                }
            }
        },
        "Service 70104830-00d6-11ed-bfa1-edfb3ae06dae": {
            "ICFS SIRO11082200": {
                "PONCFS SIRO11082200": {
                    "ONT SIRO11082200": {}
                }
            }
        },
        "Service 71879f40-4de0-11ed-bb90-c3b27debda95": {
            "ICFS 82750500": {}
        },
        "Service 718bb900-3007-11ed-bfa1-edfb3ae06dae": {
            "ICFS 21072231": {}
        },
        "Service 71f12390-3a65-11ed-ab65-817725859a11": {
            "ICFS 20092201": {
                "PONCFS 20092201": {
                    "ONT 20092201": {}
                }
            }
        },
        "Service 72444e70-417d-11ed-ab65-817725859a11": {
            "ICFS 20092201": {}
        },
        "Service 733e11c0-5065-11ed-9d56-3bcdd967fe43": {
            "ICFS 82751027": {
                "PONCFS 82751027": {
                    "ONT 82751027": {}
                }
            }
        },
        "Service 75f10620-63d4-11ed-84c8-534f776015f1": {
            "ICFS NPCRE14112": {}
        },
        "Service 75f32b40-0dac-11ed-b2d0-394dd562f652": {
            "ICFS SIRO002NPLS500": {}
        },
        "Service 7688d620-37de-11ed-b2d0-394dd562f652": {
            "ICFS SIROINT19092200": {}
        },
        "Service 7709fd40-368f-11ed-bfa1-edfb3ae06dae": {
            "ICFS 82745199": {}
        },
        "Service 785320d0-1279-11ed-ab65-817725859a11": {
            "ICFS 88271022": {}
        },
        "Service 78f0cd20-34b7-11ed-ab65-817725859a11": {
            "ICFS SIROINT15092203": {
                "PONCFS SIROINT15092203": {
                    "ONT SIROINT15092203": {}
                }
            }
        },
        "Service 792df8b0-f436-11ec-ab65-817725859a11": {
            "ICFS VMCUST25062022X2": {}
        },
        "Service 7a493b10-1885-11ed-bfa1-edfb3ae06dae": {
            "ICFS 10082200": {}
        },
        "Service 7b8b4ea0-2e97-11ed-bfa1-edfb3ae06dae": {
            "ICFS 26077912": {
                "PONCFS 26077912": {
                    "ONT 26077912": {}
                }
            }
        },
        "Service 7db91670-f5f4-11ec-b2d0-394dd562f652": {
            "ICFS SIRO27062205": {}
        },
        "Service 7e5396d0-3a52-11ed-ab65-817725859a11": {
            "ICFS 21092202": {
                "PONCFS 21092202": {
                    "ONT 21092202": {}
                }
            }
        },
        "Service 7f0267c0-56ca-11ed-b9ef-fb6676a53b32": {
            "ICFS 872634881151": {}
        },
        "Service 800b12e0-0862-11ed-b2d0-394dd562f652": {
            "ICFS 89898989": {}
        },
        "Service 811cd590-14da-11ed-bfa1-edfb3ae06dae": {
            "ICFS 88271032": {}
        },
        "Service 826a09b0-5e52-11ed-90c7-1d46599ba8fd": {
            "ICFS 872634881152": {
                "PONCFS 872634881152": {
                    "ONT 872634881152": {}
                }
            }
        },
        "Service 85051a60-34e6-11ed-ab65-817725859a11": {
            "ICFS 15092205": {
                "PONCFS 15092205": {
                    "ONT 15092205": {}
                }
            }
        },
        "Service 87344e90-f43c-11ec-b2d0-394dd562f652": {
            "ICFS VMCUST25062022X4": {}
        },
        "Service 8941e870-2ffe-11ed-bfa1-edfb3ae06dae": {
            "ICFS 82744850": {}
        },
        "Service 8a6a1bb0-1329-11ed-bfa1-edfb3ae06dae": {
            "ICFS SIROINT0012": {}
        },
        "Service 8b50ec90-0d73-11ed-bfa1-edfb3ae06dae": {
            "ICFS 76775006": {}
        },
        "Service 8b819eb0-2f8f-11ed-bfa1-edfb3ae06dae": {
            "ICFS 21072231": {}
        },
        "Service 922aaa80-0c9a-11ed-ab65-817725859a11": {
            "ICFS SIRO26072200": {}
        },
        "Service 93250df0-417d-11ed-b2d0-394dd562f652": {
            "ICFS 20092201": {}
        },
        "Service 95ab69e0-5535-11ed-a8f1-6de7da5ccd5c": {
            "ICFS 82751807": {
                "PONCFS 82751807": {
                    "ONT 82751807": {}
                }
            }
        },
        "Service 95e39b80-f53b-11ec-bfa1-edfb3ae06dae": {
            "ICFS VMASMJJEJ1": {}
        },
        "Service 97f59750-0dc0-11ed-b2d0-394dd562f652": {
            "ICFS SIRO007failEC": {}
        },
        "Service 9a1a33b0-5069-11ed-9d56-3bcdd967fe43": {
            "ICFS 21072982": {
                "PONCFS 21072982": {
                    "ONT 21072982": {}
                }
            }
        },
        "Service 9a2ae660-365b-11ed-ab65-817725859a11": {
            "ICFS 88271088": {}
        },
        "Service 9aa96d60-f43d-11ec-ab65-817725859a11": {
            "ICFS VMCUST25062022X5": {}
        },
        "Service 9cbd2e30-38c5-11ed-ab65-817725859a11": {
            "ICFS 200919002": {}
        },
        "Service 9d357c60-365d-11ed-bfa1-edfb3ae06dae": {
            "ICFS 88271088": {}
        },
        "Service 9fc28330-0726-11ed-bfa1-edfb3ae06dae": {
            "ICFS siro19072204": {}
        },
        "Service a10a64e0-66ff-11ed-90c7-1d46599ba8fd": {
            "ICFS 18112022": {
                "PONCFS 18112022": {
                    "ONT 18112022": {}
                }
            }
        },
        "Service a1c04e70-12ec-11ed-b2d0-394dd562f652": {
            "ICFS 26072201": {}
        },
        "Service a229fb10-2f9b-11ed-bfa1-edfb3ae06dae": {
            "ICFS 21072231": {}
        },
        "Service a44488c0-3e64-11ed-93f1-7b1344509a72": {
            "ICFS 82748325": {}
        },
        "Service a4513fa0-63d7-11ed-b8ec-3f7264a6d0c1": {
            "ICFS 872634881414": {}
        },
        "Service a55ce740-417d-11ed-ab65-817725859a11": {
            "ICFS 20092201": {}
        },
        "Service a63eaf10-431a-11ed-93f1-7b1344509a72": {
            "ICFS 82749525": {}
        },
        "Service a656f840-3fc8-11ed-93f1-7b1344509a72": {
            "ICFS 82748765": {}
        },
        "Service ab6c21d0-2de3-11ed-bfa1-edfb3ae06dae": {
            "ICFS 20609234": {
                "PONCFS 20609234": {
                    "ONT 20609234": {}
                }
            }
        },
        "Service ad14a310-245e-11ed-bfa1-edfb3ae06dae": {
            "ICFS 25081103": {}
        },
        "Service ae916d20-4de1-11ed-bb90-c3b27debda95": {
            "ICFS 82750500": {}
        },
        "Service b0541d90-55a9-11ed-8b74-b19d8cb90052": {
            "ICFS 21073098": {
                "CPECFS 21073098": {
                    "RG 21073098": {}
                },
                "LDAP 21073098": {},
                "PONCFS 21073098": {
                    "ONT 21073098": {}
                }
            }
        },
        "Service b12c63a0-38f6-11ed-b2d0-394dd562f652": {
            "ICFS 200919007": {}
        },
        "Service b1969400-6420-11ed-b8ec-3f7264a6d0c1": {
            "ICFS 14112214": {}
        },
        "Service b1bb8530-325c-11ed-bfa1-edfb3ae06dae": {
            "ICFS SIROINT11092200": {}
        },
        "Service b1c6cb60-63d6-11ed-90c7-1d46599ba8fd": {
            "ICFS 872634881411": {}
        },
        "Service b515e080-2ffb-11ed-bfa1-edfb3ae06dae": {
            "ICFS 21072231": {}
        },
        "Service b52f6200-07e5-11ed-b2d0-394dd562f652": {
            "ICFS siro200701": {}
        },
        "Service b67feb80-2f71-11ed-bfa1-edfb3ae06dae": {
            "ICFS 82744826": {}
        },
        "Service b700cc10-6189-11ed-b8ec-3f7264a6d0c1": {
            "ICFS 82753922": {
                "PONCFS 82753922": {
                    "ONT 82753922": {}
                }
            }
        },
        "Service b73e44e0-0e74-11ed-bfa1-edfb3ae06dae": {
            "ICFS 88271012": {}
        },
        "Service b79e7a30-37dd-11ed-b2d0-394dd562f652": {
            "ICFS 88271088": {}
        },
        "Service b85a7c40-2f8f-11ed-ab65-817725859a11": {
            "ICFS 21072231": {}
        },
        "Service b894b8b0-357a-11ed-bfa1-edfb3ae06dae": {
            "ICFS SIROINT16092200": {
                "PONCFS SIROINT16092200": {
                    "ONT SIROINT16092200": {}
                }
            }
        },
        "Service b8ebbbc0-2386-11ed-bfa1-edfb3ae06dae": {
            "ICFS 24082201": {}
        },
        "Service b9ef5c30-f53b-11ec-ab65-817725859a11": {
            "ICFS VMICUST1233": {}
        },
        "Service b9f4a5b0-33ec-11ed-bfa1-edfb3ae06dae": {
            "ICFS 14092202": {
                "PONCFS 14092202": {
                    "ONT 14092202": {}
                }
            }
        },
        "Service bcbd7660-f435-11ec-bfa1-edfb3ae06dae": {
            "ICFS VMCUST25062022X1": {}
        },
        "Service bd4449c0-417d-11ed-93f1-7b1344509a72": {
            "ICFS 20092201": {}
        },
        "Service be1c96f0-1931-11ed-bfa1-edfb3ae06dae": {
            "ICFS SIRO11082201": {}
        },
        "Service c0e96300-3442-11ed-ab65-817725859a11": {
            "ICFS 21409234": {
                "PONCFS 21409234": {
                    "ONT 21409234": {}
                }
            }
        },
        "Service c2b01880-50fa-11ed-9d56-3bcdd967fe43": {
            "ICFS 21102202": {}
        },
        "Service c2f1b050-127b-11ed-b2d0-394dd562f652": {
            "ICFS 88271024": {}
        },
        "Service c38b2740-0861-11ed-bfa1-edfb3ae06dae": {
            "ICFS 456798990": {}
        },
        "Service c43a0fd0-0fff-11ed-ab65-817725859a11": {
            "ICFS 21072233": {}
        },
        "Service c4c32020-456c-11ed-ab65-817725859a11": {
            "ICFS 06102202": {}
        },
        "Service c541dc90-0f33-11ed-bfa1-edfb3ae06dae": {
            "ICFS 29072201": {}
        },
        "Service c5721070-5bf7-11ed-90c7-1d46599ba8fd": {
            "ICFS 1104202201": {
                "PONCFS 1104202201": {
                    "ONT 1104202201": {}
                }
            }
        },
        "Service c5863190-e870-11ec-b2d0-394dd562f652": {
            "ICFS Health_Check_10_06": {
                "LDAP Health_Check_10_06": {
                    "UserProfile Health_Check_10_06": {}
                },
                "PONCFS Health_Check_10_06": {
                    "ONT Health_Check_10_06": {}
                }
            }
        },
        "Service c5c7add0-1888-11ed-b2d0-394dd562f652": {
            "ICFS 16119702": {}
        },
        "Service c6bbe110-3e54-11ed-b2d0-394dd562f652": {
            "ICFS 20092201": {}
        },
        "Service c8f631a0-6baf-11ed-84c8-534f776015f1": {
            "ICFS NPCRE2401": {}
        },
        "Service c95290b0-0db0-11ed-ab65-817725859a11": {
            "ICFS SIRO007ECfail": {}
        },
        "Service c968a360-17b9-11ed-b2d0-394dd562f652": {
            "ICFS 15119701": {}
        },
        "Service c9e71e20-2ea2-11ed-bfa1-edfb3ae06dae": {
            "ICFS 88271088": {
                "PONCFS 88271088": {
                    "ONT 88271088": {}
                }
            }
        },
        "Service ca0277b0-1890-11ed-ab65-817725859a11": {
            "ICFS 16119702": {}
        },
        "Service ca750450-417c-11ed-b2d0-394dd562f652": {
            "ICFS 20092201": {}
        },
        "Service ca7c0d30-5c2b-11ed-90c7-1d46599ba8fd": {
            "ICFS 104112233": {}
        },
        "Service cbbc0f30-3a69-11ed-b2d0-394dd562f652": {
            "ICFS 20092201": {}
        },
        "Service cc7e9120-0e51-11ed-b2d0-394dd562f652": {
            "ICFS 88271001": {}
        },
        "Service cd2ef940-2cf9-11ed-bfa1-edfb3ae06dae": {
            "ICFS 22327132": {
                "CPECFS 22327132": {
                    "RG 22327132": {
                        "CPEManagement 22327132": {}
                    }
                },
                "LDAP 22327132": {
                    "UserProfile A70002248": {}
                },
                "PONCFS 22327132": {
                    "ONT 22327132": {}
                }
            }
        },
        "Service cead8db0-2f90-11ed-bfa1-edfb3ae06dae": {
            "ICFS 21072231": {}
        },
        "Service cfbc8e60-6422-11ed-b8ec-3f7264a6d0c1": {
            "ICFS 14112216": {}
        },
        "Service d12427b0-f1f2-11ec-ab65-817725859a11": {
            "ICFS RETSIRO22062202": {
                "CPECFS RETSIRO22062202": {
                    "RG RETSIRO22062202": {
                        "CPEManagement RETSIRO22062202": {}
                    }
                },
                "LDAP RETSIRO22062202": {
                    "UserProfile RETSIRO22062202": {}
                },
                "PONCFS RETSIRO22062202": {
                    "ONT RETSIRO22062202": {}
                }
            }
        },
        "Service d14ce220-545a-11ed-a8f1-6de7da5ccd5c": {
            "ICFS 82751433": {}
        },
        "Service d2453eb0-17bb-11ed-ab65-817725859a11": {
            "ICFS 26072324": {}
        },
        "Service d39abde0-0efa-11ed-ab65-817725859a11": {
            "ICFS 29072201": {}
        },
        "Service d5575050-2456-11ed-bfa1-edfb3ae06dae": {
            "ICFS 25082212": {}
        },
        "Service d5cfb470-417d-11ed-ab65-817725859a11": {
            "ICFS 20092201": {}
        },
        "Service d5e74fc0-4de1-11ed-bb90-c3b27debda95": {
            "ICFS 82750500": {
                "PONCFS 82750500": {
                    "ONT 82750500": {}
                }
            }
        },
        "Service d66a2740-3f2e-11ed-ab65-817725859a11": {
            "ICFS 82748634": {
                "PONCFS 82748634": {
                    "ONT 82748634": {}
                }
            }
        },
        "Service d95ee250-1883-11ed-b2d0-394dd562f652": {
            "ICFS 26072302": {}
        },
        "Service d9fbe410-0e5b-11ed-b2d0-394dd562f652": {
            "ICFS 88271002": {}
        },
        "Service da081550-34f8-11ed-bfa1-edfb3ae06dae": {
            "ICFS 15092209": {
                "PONCFS 15092209": {
                    "ONT 15092209": {}
                }
            }
        },
        "Service da3d8630-1267-11ed-ab65-817725859a11": {
            "ICFS 02082201": {}
        },
        "Service da7da4f0-63d3-11ed-90c7-1d46599ba8fd": {
            "ICFS 1411202": {}
        },
        "Service db5d5bd0-6cc1-11ed-b8ec-3f7264a6d0c1": {
            "ICFS 82755681": {}
        },
        "Service dcef3da0-17d6-11ed-b2d0-394dd562f652": {
            "ICFS 26072326": {}
        },
        "Service dd4c41a0-3007-11ed-ab65-817725859a11": {
            "ICFS 21072231": {}
        },
        "Service de4d14f0-4e05-11ed-a7d9-edfb3ae06dae": {
            "ICFS 20092201": {}
        },
        "Service de4e4ac0-5687-11ed-8b74-b19d8cb90052": {
            "ICFS 21780923": {
                "PONCFS 21780923": {
                    "ONT 21780923": {}
                }
            }
        },
        "Service de544020-17bb-11ed-b2d0-394dd562f652": {
            "ICFS 16119701": {}
        },
        "Service de9796f0-0f45-11ed-b2d0-394dd562f652": {
            "ICFS 88271015": {}
        },
        "Service debfafe0-2463-11ed-b2d0-394dd562f652": {
            "ICFS 258221300": {}
        },
        "Service dec0e5d0-17d5-11ed-bfa1-edfb3ae06dae": {
            "ICFS 09082202": {}
        },
        "Service e0757cd0-5bf3-11ed-84c8-534f776015f1": {
            "ICFS 04112022": {
                "PONCFS 04112022": {
                    "ONT 04112022": {}
                }
            }
        },
        "Service e07ae910-5f2a-11ed-84c8-534f776015f1": {
            "ICFS 82753320": {}
        },
        "Service e082ed30-4eb4-11ed-9795-49911a8859a8": {
            "ICFS 26181022500": {
                "CPECFS 26181022500": {
                    "RG 26181022500": {
                        "CPEManagement 26181022500": {}
                    }
                },
                "LDAP 26181022500": {
                    "UserProfile A70002209": {}
                },
                "PONCFS 26181022500": {
                    "ONT 26181022500": {}
                }
            }
        },
        "Service e0d4fcd0-16e5-11ed-bfa1-edfb3ae06dae": {
            "ICFS 21072234": {}
        },
        "Service e1078f70-5b4a-11ed-84c8-534f776015f1": {
            "ICFS 82752609": {}
        },
        "Service e12bd770-4df0-11ed-bb90-c3b27debda95": {
            "ICFS 20092201": {}
        },
        "Service e2cdbbe0-37dc-11ed-ab65-817725859a11": {
            "ICFS 76775006": {}
        },
        "Service e38e3b80-2d01-11ed-b2d0-394dd562f652": {
            "ICFS 05082210": {}
        },
        "Service e533b250-121f-11ed-ab65-817725859a11": {
            "ICFS SIRO02082201": {}
        },
        "Service e5fabb30-0f53-11ed-b2d0-394dd562f652": {
            "ICFS 88271016": {}
        },
        "Service e6abb050-3692-11ed-b2d0-394dd562f652": {
            "ICFS 82745199": {}
        },
        "Service e6efd1d0-37dd-11ed-bfa1-edfb3ae06dae": {
            "ICFS 88271088": {}
        },
        "Service e6f41590-0e72-11ed-b2d0-394dd562f652": {
            "ICFS 88271008": {}
        },
        "Service e8c67a20-3299-11ed-bfa1-edfb3ae06dae": {
            "ICFS 11092203": {
                "PONCFS 11092203": {
                    "ONT 11092203": {}
                }
            }
        },
        "Service eb275290-2f2d-11ed-b2d0-394dd562f652": {
            "ICFS SIROINT08092200": {}
        },
        "Service eba82310-0864-11ed-ab65-817725859a11": {
            "ICFS 789789789": {}
        },
        "Service ecdfe5e0-34fd-11ed-ab65-817725859a11": {
            "ICFS 15092211": {}
        },
        "Service edef6a20-2ea7-11ed-bfa1-edfb3ae06dae": {
            "ICFS RegressionP11_05": {}
        },
        "Service ee8ed190-4afa-11ed-bb90-c3b27debda95": {
            "ICFS SIRO13102280": {
                "CPECFS SIRO13102280": {
                    "RG SIRO13102280": {}
                },
                "LDAP SIRO13102280": {},
                "PONCFS SIRO13102280": {
                    "ONT SIRO13102280": {}
                }
            }
        },
        "Service f0d5fc00-6420-11ed-90c7-1d46599ba8fd": {
            "ICFS 14112215": {}
        },
        "Service f12008b0-ec50-11ec-b2d0-394dd562f652": {
            "ICFS RETSIRO15062200": {
                "LDAP RETSIRO15062200": {
                    "UserProfile RETSIRO15062200": {}
                },
                "PONCFS RETSIRO15062200": {
                    "ONT RETSIRO15062200": {}
                }
            }
        },
        "Service f13e05b0-17fa-11ed-b2d0-394dd562f652": {
            "ICFS 21072255": {}
        },
        "Service f2336cd0-1255-11ed-bfa1-edfb3ae06dae": {
            "ICFS SIROSIT001": {}
        },
        "Service f31dad40-663d-11ed-84c8-534f776015f1": {
            "ICFS NPCRE1701": {}
        },
        "Service f3ad5430-3a79-11ed-ab65-817725859a11": {
            "ICFS 82747400": {
                "PONCFS 82747400": {
                    "ONT 82747400": {}
                }
            }
        },
        "Service f508e090-0c9a-11ed-bfa1-edfb3ae06dae": {
            "ICFS SIRO26072201": {}
        },
        "Service f59ab300-359c-11ed-b2d0-394dd562f652": {
            "ICFS 16092205": {
                "PONCFS 16092205": {
                    "ONT 16092205": {}
                }
            }
        },
        "Service f762a010-58ee-11ed-b8ec-3f7264a6d0c1": {
            "ICFS 82752269": {}
        },
        "Service f7a1f340-1182-11ed-bfa1-edfb3ae06dae": {
            "ICFS 26072800": {}
        },
        "Service f9073610-456b-11ed-b2d0-394dd562f652": {
            "ICFS 06102201": {}
        },
        "Service f9eba1c0-f5ce-11ec-bfa1-edfb3ae06dae": {
            "ICFS RETSIRO27062200": {}
        },
        "Service fc0c5f20-127b-11ed-ab65-817725859a11": {
            "ICFS 88271025": {}
        },
        "Service fc822af0-17d7-11ed-bfa1-edfb3ae06dae": {
            "ICFS 123466": {}
        },
        "Service ff5e21f0-417d-11ed-93f1-7b1344509a72": {
            "ICFS 20092201": {
                "PONCFS 20092201": {
                    "ONT 20092201": {}
                }
            }
        }
    }



